Rk,Player,Position,Team,Salary,Salary,Salary,Salary,Salary,Salary,Signed Using,Option,Option Year,Guaranteed,Photo
1,Stephen Curry,PG,GSW,34682550,37457154,40231758,43006362,45780966,,Bird Rights,,,201158790,http://a.espncdn.com/combiner/i?img=/i/headshots/nba/players/full/3975.png&w=350&h=254
2,LeBron James,SF,CLE,33285709,35607968,,,,,Early Bird,Player,2018,33285709,http://a.espncdn.com/combiner/i?img=/i/headshots/nba/players/full/1966.png&w=350&h=254
3,Paul Millsap,PF,DEN,31269231,29730769,30500000,,,,Cap space,Team,2019,61000000,http://a.espncdn.com/combiner/i?img=/i/headshots/nba/players/full/3015.png&w=350&h=254
4,Gordon Hayward,SF,BOS,29727900,31214295,32700690,34187085,,,Cap space,Player,2020,93642885,http://a.espncdn.com/combiner/i?img=/i/headshots/nba/players/full/4249.png&w=350&h=254
5,Blake Griffin,PF,DET,29512900,31873932,34234964,36595996,38957028,,Bird Rights,Player,2021,132217792,http://a.espncdn.com/combiner/i?img=/i/headshots/nba/players/full/3989.png&w=350&h=254
6,Kyle Lowry,PG,TOR,28703704,31000000,33296296,,,,Bird Rights,,,93000000,http://a.espncdn.com/combiner/i?img=/i/headshots/nba/players/full/3012.png&w=350&h=254
7,Russell Westbrook,PG,OKC,28530608,35350000,38178000,41006000,43848000,,Bird Rights,,,186912608,http://a.espncdn.com/combiner/i?img=/i/headshots/nba/players/full/3468.png&w=350&h=254
8,Mike Conley,PG,MEM,28530608,30521115,32511623,34504132,,,Cap Space,Player,2020,113989729,http://a.espncdn.com/combiner/i?img=/i/headshots/nba/players/full/3195.png&w=350&h=254
9,James Harden,SG,HOU,28299399,30431854,37800000,40824000,43848000,,Bird Rights,,,181203253,http://a.espncdn.com/combiner/i?img=/i/headshots/nba/players/full/3992.png
10,DeMar DeRozan,SG,TOR,27739975,27739975,27739975,27739975,,,Cap Space,Player,2020,83219925,http://a.espncdn.com/combiner/i?img=/i/headshots/nba/players/full/3978.png&w=350&h=254
11,Al Horford,PF,BOS,27734405,28928710,30123015,,,,Cap Space,Player,2019,56663115,http://a.espncdn.com/combiner/i?img=/i/headshots/nba/players/full/3213.png
12,Carmelo Anthony,SF,OKC,26243760,27928140,,,,,Bird Rights,Player,2018,26243760,http://a.espncdn.com/combiner/i?img=/i/headshots/nba/players/full/1975.png&w=350&h=254
13,Damian Lillard,PG,POR,26153057,27977689,29802321,31626953,,,1st Round Pick,,,115560020,http://a.espncdn.com/combiner/i?img=/i/headshots/nba/players/full/6606.png&w=350&h=254
14,Jrue Holiday,PG,NOP,25686667,26131111,26131111,26131111,27020000,,Bird Rights,Player,2021,104080000,http://a.espncdn.com/combiner/i?img=/i/headshots/nba/players/full/3995.png&w=350&h=254
15,Chris Bosh,PF,MIA,25289390,26837720,,,,,,,,52127110,http://a.espncdn.com/combiner/i?img=/i/headshots/nba/players/full/1977.png&w=350&h=254
16,Kevin Durant,SF,GSW,25000000,26250000,,,,,Non-Bird Rights,Player,2018,25000000,http://a.espncdn.com/combiner/i?img=/i/headshots/nba/players/full/3202.png&w=350&h=254
17,Otto Porter,SF,WAS,24773250,26011913,27250576,28489239,,,Bird Rights,Player,2020,78035739,http://a.espncdn.com/combiner/i?img=/i/headshots/nba/players/full/2594922.png&w=350&h=254
18,Chris Paul,PG,HOU,24599495,,,,,,Bird Rights,,,24599495,http://a.espncdn.com/combiner/i?img=/i/headshots/nba/players/full/2779.png&w=350&h=254
19,C.J. McCollum,SG,POR,23962573,25759766,27556959,29354152,,,1st Round Pick,,,106633450,http://a.espncdn.com/combiner/i?img=/i/headshots/nba/players/full/2490149.png&w=350&h=254
20,Bradley Beal,SG,WAS,23775506,25434263,27093019,28751775,,,Cap Space,,,105054563,http://a.espncdn.com/combiner/i?img=/i/headshots/nba/players/full/6580.png&w=350&h=254
21,Anthony Davis,PF,NOP,23775506,25434263,27093019,28751775,,,1st Round Pick,,,76302788,http://a.espncdn.com/combiner/i?img=/i/headshots/nba/players/full/6583.png&w=350&h=254
22,Andre Drummond,C,DET,23775506,25434263,27093019,28751775,,,Cap Space,Player,2020,76302788,http://a.espncdn.com/combiner/i?img=/i/headshots/nba/players/full/6585.png&w=350&h=254
23,Hassan Whiteside,C,MIA,23775506,25434263,27093018,,,,Cap Space,Player,2019,49209769,http://a.espncdn.com/combiner/i?img=/i/headshots/nba/players/full/4262.png&w=350&h=254
24,Dwight Howard,C,CHA,23500000,23819725,,,,,Cap Space,,,47319725,http://a.espncdn.com/combiner/i?img=/i/headshots/nba/players/full/2384.png&w=350&h=254
25,Chandler Parsons,SF,MEM,23112004,24107258,25102511,,,,Cap Space,,,72321773,http://a.espncdn.com/combiner/i?img=/i/headshots/nba/players/full/6466.png&w=350&h=254
26,Harrison Barnes,SF,DAL,23112004,24107258,25102512,,,,Cap Space,Player,2019,47219262,http://a.espncdn.com/combiner/i?img=/i/headshots/nba/players/full/6578.png&w=350&h=254
27,J.J. Redick,SG,PHI,23000000,,,,,,Cap space,,,23000000,http://a.espncdn.com/combiner/i?img=/i/headshots/nba/players/full/3024.png&w=350&h=254
28,Marc Gasol,C,MEM,22642350,24119025,25595700,,,,Bird Rights,Player,2019,46761375,http://a.espncdn.com/combiner/i?img=/i/headshots/nba/players/full/3206.png&w=350&h=254
29,Kevin Love,PF,CLE,22642350,24119025,25595700,,,,Bird Rights,,,46761375,http://a.espncdn.com/combiner/i?img=/i/headshots/nba/players/full/3449.png&w=350&h=254
30,Brook Lopez,C,LAL,22642350,,,,,,Bird Rights,,,22642350,http://a.espncdn.com/combiner/i?img=/i/headshots/nba/players/full/3448.png&w=350&h=254
31,DeAndre Jordan,C,LAC,22642350,24119025,,,,,Bird Rights,Player,2018,22642350,http://a.espncdn.com/combiner/i?img=/i/headshots/nba/players/full/3442.png&w=350&h=254
32,Steven Adams,C,OKC,22471910,24157303,25842697,27528090,,,1st Round Pick,,,100000000,http://a.espncdn.com/combiner/i?img=/i/headshots/nba/players/full/2991235.png&w=350&h=254
33,Giannis Antetokounmpo,SF,MIL,22471910,24157303,25842697,27528090,,,1st Round Pick,,,100000000,http://a.espncdn.com/combiner/i?img=/i/headshots/nba/players/full/3032977.png&w=350&h=254
34,Nicolas Batum,SF,CHA,22434783,24000000,25565217,27130434,,,Cap Space,Player,2020,72000000,http://a.espncdn.com/combiner/i?img=/i/headshots/nba/players/full/3416.png&w=350&h=254
35,Rudy Gobert,C,UTA,21974719,23491573,25008427,26525281,,,1st Round Pick,,,97000000,http://a.espncdn.com/combiner/i?img=/i/headshots/nba/players/full/3032976.png&w=350&h=254
36,LaMarcus Aldridge,PF,SAS,21461010,22347015,26000000,,,,Cap Space,,,69808025,http://a.espncdn.com/combiner/i?img=/i/headshots/nba/players/full/2983.png&w=350&h=254
37,Victor Oladipo,SG,IND,21000000,21000000,21000000,21000000,,,1st Round Pick,,,84000000,http://a.espncdn.com/combiner/i?img=/i/headshots/nba/players/full/2527963.png&w=350&h=254
38,Enes Kanter,C,NYK,20566802,18622514,,,,,Bird Rights,Player,2018,20566802,http://a.espncdn.com/combiner/i?img=/i/headshots/nba/players/full/6447.png&w=350&h=254
39,Danilo Gallinari,SF,LAC,20559599,21587579,22615559,,,,Sign and Trade,,,64762737,http://a.espncdn.com/combiner/i?img=/i/headshots/nba/players/full/3428.png&w=350&h=254
40,Serge Ibaka,PF,TOR,20061729,21666667,23271604,,,,Cap space,,,65000000,http://a.espncdn.com/combiner/i?img=/i/headshots/nba/players/full/3439.png&w=350&h=254
41,George Hill,PG,CLE,20000000,19000000,18000000,,,,Cap space,,,40000000,http://a.espncdn.com/combiner/i?img=/i/headshots/nba/players/full/3438.png&w=350&h=254
42,Ryan Anderson,PF,HOU,19578455,20421546,21264635,,,,Cap Space,,,61264636,http://a.espncdn.com/combiner/i?img=/i/headshots/nba/players/full/3412.png&w=350&h=254
43,Paul George,SG,OKC,19508958,20703384,,,,,1st Round Pick,Player,2018,19508958,http://a.espncdn.com/combiner/i?img=/i/headshots/nba/players/full/4251.png&w=350&h=254
44,Allen Crabbe,SG,BKN,19332500,18500000,18500000,,,,Cap Space,Player,2019,37832500,http://a.espncdn.com/combiner/i?img=/i/headshots/nba/players/full/2531210.png&w=350&h=254
45,Jimmy Butler,SG,MIN,19301070,20445779,19841627,,,,Bird Rights,Player,2019,39746849,http://a.espncdn.com/combiner/i?img=/i/headshots/nba/players/full/6430.png&w=350&h=254
46,Jeff Teague,PG,MIN,19000000,19000000,19000000,,,,Cap space,Player,2019,38000000,http://a.espncdn.com/combiner/i?img=/i/headshots/nba/players/full/4015.png&w=350&h=254
47,Kawhi Leonard,SF,SAS,18868625,20099189,21329752,,,,Bird Rights,Player,2019,38967814,http://a.espncdn.com/combiner/i?img=/i/headshots/nba/players/full/6450.png&w=350&h=254
48,Kyrie Irving,PG,BOS,18868625,20099188,21329750,,,,Bird Rights,Player,2019,38967813,http://a.espncdn.com/combiner/i?img=/i/headshots/nba/players/full/6442.png&w=350&h=254
49,John Wall,PG,WAS,18063850,19169800,37800000,40824000,43848000,,Bird Rights,,,159705650,http://a.espncdn.com/combiner/i?img=/i/headshots/nba/players/full/4237.png&w=350&h=254
50,DeMarcus Cousins,C,NOP,18063850,,,,,,1st Round Pick,,,18063850,http://a.espncdn.com/combiner/i?img=/i/headshots/nba/players/full/4258.png&w=350&h=254
51,Greg Monroe,C,PHX,17884176,,,,,,,,,17884176,http://a.espncdn.com/combiner/i?img=/i/headshots/nba/players/full/4260.png&w=350&h=254
52,Wesley Matthews,SG,DAL,17884176,18622514,,,,,Cap Space,Player,2018,17884176,http://a.espncdn.com/combiner/i?img=/i/headshots/nba/players/full/4032.png&w=350&h=254
53,Klay Thompson,SG,GSW,17826150,18988725,,,,,1st Round Pick,,,36814875,http://a.espncdn.com/combiner/i?img=/i/headshots/nba/players/full/6475.png&w=350&h=254
54,Joakim Noah,C,NYK,17765000,18530000,19295000,,,,Cap Space,,,55590000,http://a.espncdn.com/combiner/i?img=/i/headshots/nba/players/full/3224.png&w=350&h=254
55,Kentavious Caldwell-Pope,SG,LAL,17745894,,,,,,Cap space,,,17745894,http://a.espncdn.com/combiner/i?img=/i/headshots/nba/players/full/2581018.png&w=350&h=254
56,Luol Deng,SF,LAL,17190000,18000000,18810000,,,,Cap Space,,,54000000,http://a.espncdn.com/combiner/i?img=/i/headshots/nba/players/full/2429.png&w=350&h=254
57,Evan Turner,SF,POR,17131148,17868852,18606557,,,,Cap Space,,,53606557,http://a.espncdn.com/combiner/i?img=/i/headshots/nba/players/full/4239.png&w=350&h=254
58,Goran Dragic,PG,MIA,17000450,18109175,19217900,,,,Bird Rights,Player,2019,35109625,http://a.espncdn.com/combiner/i?img=/i/headshots/nba/players/full/3423.png&w=350&h=254
59,Evan Fournier,SG,ORL,17000000,17000000,17000000,17000000,,,Cap Space,Player,2020,51000000,http://a.espncdn.com/combiner/i?img=/i/headshots/nba/players/full/6588.png&w=350&h=254
60,Bismack Biyombo,C,ORL,17000000,17000000,17000000,,,,Cap Space,Player,2019,34000000,http://a.espncdn.com/combiner/i?img=/i/headshots/nba/players/full/6427.png&w=350&h=254
61,Kent Bazemore,SG,ATL,16910113,18089887,19269662,,,,Cap Space,Player,2019,35000000,http://a.espncdn.com/combiner/i?img=/i/headshots/nba/players/full/6637.png&w=350&h=254
62,Robert Covington,SF,PHI,16698103,10464092,11301219,12138345,12975471,,Cap Space,,,63577230,http://a.espncdn.com/combiner/i?img=/i/headshots/nba/players/full/2490620.png&w=350&h=254
63,Ian Mahinmi,C,WAS,16661641,15944154,15450051,,,,Cap Space,,,48055846,http://a.espncdn.com/combiner/i?img=/i/headshots/nba/players/full/2774.png&w=350&h=254
64,Tim Hardaway,SG,NYK,16500000,17325000,18150000,18975000,,,Cap space,Player,2020,51975000,http://a.espncdn.com/combiner/i?img=/i/headshots/nba/players/full/2528210.png&w=350&h=254
65,Draymond Green,SF,GSW,16400000,17469565,18539130,,,,Bird Rights,,,52408695,http://a.espncdn.com/combiner/i?img=/i/headshots/nba/players/full/6589.png&w=350&h=254
66,Tristan Thompson,C,CLE,16400000,17469565,18539130,,,,Bird Rights,,,52408695,http://a.espncdn.com/combiner/i?img=/i/headshots/nba/players/full/6474.png&w=350&h=254
67,Reggie Jackson,PG,DET,16000000,17043478,18086956,,,,Bird Rights,,,51130434,http://a.espncdn.com/combiner/i?img=/i/headshots/nba/players/full/6443.png&w=350&h=254
68,Pau Gasol,C,SAS,16000000,16000000,16000000,,,,,,,38700000,http://a.espncdn.com/combiner/i?img=/i/headshots/nba/players/full/996.png&w=350&h=254
69,Tobias Harris,SF,LAC,16000000,14800000,,,,,Bird Rights,,,30800000,http://a.espncdn.com/combiner/i?img=/i/headshots/nba/players/full/6440.png&w=350&h=254
70,Dwyane Wade,SG,CHI,15550000,,,,,,,,,15550000,http://a.espncdn.com/combiner/i?img=/i/headshots/nba/players/full/1987.png&w=350&h=254
71,Dennis Schroder,PG,ATL,15500000,15500000,15500000,15500000,,,1st Round Pick,,,62000000,http://a.espncdn.com/combiner/i?img=/i/headshots/nba/players/full/3032979.png&w=350&h=254
72,Jonas Valanciunas,C,TOR,15460675,16539326,17617977,,,,1st Round Pick,Player,2019,32000001,http://a.espncdn.com/combiner/i?img=/i/headshots/nba/players/full/6477.png
73,Tony Parker,PG,SAS,15453126,,,,,,Bird Rights,,,15453126,http://a.espncdn.com/combiner/i?img=/i/headshots/nba/players/full/1015.png&w=350&h=254
74,Timofey Mozgov,C,BKN,15280000,16000000,16720000,,,,Cap Space,,,48000000,http://a.espncdn.com/combiner/i?img=/i/headshots/nba/players/full/4298.png&w=350&h=254
75,Andre Iguodala,SF,GSW,14814815,16000000,17185185,,,,Bird Rights,,,48000000,http://a.espncdn.com/combiner/i?img=/i/headshots/nba/players/full/2386.png&w=350&h=254
76,DeMarre Carroll,SF,BKN,14800000,15400000,,,,,Cap Space,,,30200000,http://a.espncdn.com/combiner/i?img=/i/headshots/nba/players/full/3970.png&w=350&h=254
77,Thaddeus Young,SF,IND,14796348,13764045,,,,,Bird Rights,Player,2018,14796348,http://a.espncdn.com/combiner/i?img=/i/headshots/nba/players/full/3244.png&w=350&h=254
78,Eric Bledsoe,PG,MIL,14500000,15000000,,,,,Bird Rights,,,29500000,http://a.espncdn.com/combiner/i?img=/i/headshots/nba/players/full/4238.png&w=350&h=254
79,Ricky Rubio,PG,UTA,14275000,14975000,,,,,1st Round Pick,,,29250000,http://a.espncdn.com/combiner/i?img=/i/headshots/nba/players/full/4011.png&w=350&h=254
80,Joe Ingles,SF,UTA,14136364,13045455,11954546,10863637,,,Bird Rights,,,50000002,http://a.espncdn.com/combiner/i?img=/i/headshots/nba/players/full/2968436.png
81,Gorgui Dieng,PF,MIN,14112360,15170787,16229213,17287640,,,1st Round Pick,,,62800000,http://a.espncdn.com/combiner/i?img=/i/headshots/nba/players/full/2534781.png&w=350&h=254
82,Khris Middleton,SF,MIL,14100000,13000000,13000000,,,,Bird Rights,Player,2019,27100000,http://a.espncdn.com/combiner/i?img=/i/headshots/nba/players/full/6609.png
83,Mason Plumlee,C,DEN,14041096,12917808,14041096,,,,Cap space,,,41000000,http://a.espncdn.com/combiner/i?img=/i/headshots/nba/players/full/2488653.png&w=350&h=254
84,Taj Gibson,PF,MIN,14000000,14000000,,,,,Cap space,,,28000000,http://a.espncdn.com/combiner/i?img=/i/headshots/nba/players/full/3986.png&w=350&h=254
85,James Johnson,PF,MIA,13954000,14651700,15349400,,,,Cap space,Player,2020,43955100,http://a.espncdn.com/combiner/i?img=/i/headshots/nba/players/full/3999.png&w=350&h=254
86,Robin Lopez,C,CHI,13788500,14357750,,,,,Cap Space,,,28146250,http://a.espncdn.com/combiner/i?img=/i/headshots/nba/players/full/3447.png&w=350&h=254
87,J.R. Smith,SG,CLE,13760000,14720000,15680000,,,,Bird Rights,,,32350000,http://a.espncdn.com/combiner/i?img=/i/headshots/nba/players/full/2444.png&w=350&h=254
88,Brandon Knight,PG,PHX,13618750,14631250,15643750,,,,,,,43893750,http://a.espncdn.com/combiner/i?img=/i/headshots/nba/players/full/6448.png&w=350&h=254
89,Marvin Williams,SF,CHA,13168750,14087500,15006250,,,,Cap Space,Player,2019,27256250,http://a.espncdn.com/combiner/i?img=/i/headshots/nba/players/full/2797.png&w=350&h=254
90,Tyson Chandler,C,PHX,13000000,13585000,,,,,Cap Space,,,26585000,http://a.espncdn.com/combiner/i?img=/i/headshots/nba/players/full/984.png&w=350&h=254
91,Michael Kidd-Gilchrist,SF,CHA,13000000,13000000,13000000,,,,1st Round Pick,Player,2019,26000000,http://a.espncdn.com/combiner/i?img=/i/headshots/nba/players/full/6601.png&w=350&h=254
92,Eric Gordon,SG,HOU,12943020,13500375,14057730,,,,Cap Space,,,40501125,http://a.espncdn.com/combiner/i?img=/i/headshots/nba/players/full/3431.png&w=350&h=254
93,Kenneth Faried,PF,DEN,12921348,13764045,,,,,1st Round Pick,,,26685393,http://a.espncdn.com/combiner/i?img=/i/headshots/nba/players/full/6433.png&w=350&h=254
94,Marcin Gortat,C,WAS,12782609,13565218,,,,,Bird Rights,,,26347827,http://a.espncdn.com/combiner/i?img=/i/headshots/nba/players/full/2758.png&w=350&h=254
95,Cody Zeller,PF,CHA,12584270,13528090,14471910,15415730,,,1st Round Pick,,,56000000,http://a.espncdn.com/combiner/i?img=/i/headshots/nba/players/full/2579258.png&w=350&h=254
96,Miles Plumlee,C,ATL,12500000,12500000,12500000,,,,Bird Rights,,,37500000,http://a.espncdn.com/combiner/i?img=/i/headshots/nba/players/full/6616.png&w=350&h=254
97,Nikola Mirotic,PF,NOP,12500000,12500000,,,,,Cap space,,,25000000,http://a.espncdn.com/combiner/i?img=/i/headshots/nba/players/full/6459.png&w=350&h=254
98,Zach Randolph,PF,SAC,12307692,11692308,,,,,Cap space,,,24000000,http://a.espncdn.com/combiner/i?img=/i/headshots/nba/players/full/1017.png&w=350&h=254
99,Nikola Vucevic,C,ORL,12250000,12750000,,,,,Bird Rights,,,25000000,http://a.espncdn.com/combiner/i?img=/i/headshots/nba/players/full/6478.png&w=350&h=254
100,Solomon Hill,SF,NOP,12236535,12752928,13258781,,,,Cap Space,,,38248244,http://a.espncdn.com/combiner/i?img=/i/headshots/nba/players/full/2488958.png&w=350&h=254
101,Wilson Chandler,SF,DEN,12016854,12800562,,,,,,Player,2018,12016854,http://a.espncdn.com/combiner/i?img=/i/headshots/nba/players/full/3194.png&w=350&h=254
102,Jeremy Lin,PG,BKN,12000000,12516746,,,,,Cap Space,,,24516746,http://a.espncdn.com/combiner/i?img=/i/headshots/nba/players/full/4299.png&w=350&h=254
103,Kemba Walker,PG,CHA,12000000,12000000,,,,,1st Round Pick,,,24000000,http://a.espncdn.com/combiner/i?img=/i/headshots/nba/players/full/6479.png&w=350&h=254
104,Derrick Favors,PF,UTA,12000000,,,,,,1st Round Pick,,,12000000,http://a.espncdn.com/combiner/i?img=/i/headshots/nba/players/full/4257.png&w=350&h=254
105,Austin Rivers,SG,LAC,11825000,12650000,,,,,Cap Space,Player,2018,11825000,http://a.espncdn.com/combiner/i?img=/i/headshots/nba/players/full/6617.png&w=350&h=254
106,Courtney Lee,SG,NYK,11747890,12253780,12759670,,,,Cap Space,,,36761340,http://a.espncdn.com/combiner/i?img=/i/headshots/nba/players/full/3445.png&w=350&h=254
107,Nikola Pekovic,C,MIN,11600000,,,,,,,,,11600000,http://a.espncdn.com/combiner/i?img=/i/headshots/nba/players/full/3453.png&w=350&h=254
108,Jordan Clarkson,PG,CLE,11562500,12500000,13437500,,,,Cap Space,,,37500000,http://a.espncdn.com/combiner/i?img=/i/headshots/nba/players/full/2528426.png&w=350&h=254
109,John Henson,C,MIL,11422536,10577466,9732396,,,,1st Round Pick,,,31732398,http://a.espncdn.com/combiner/i?img=/i/headshots/nba/players/full/6592.png&w=350&h=254
110,Dion Waiters,SG,MIA,11000000,11550000,12100000,12650000,,,Cap space,,,47300000,http://a.espncdn.com/combiner/i?img=/i/headshots/nba/players/full/6628.png&w=350&h=254
111,Amir Johnson,PF,PHI,11000000,,,,,,Cap space,,,11000000,http://a.espncdn.com/combiner/i?img=/i/headshots/nba/players/full/2769.png&w=350&h=254
112,Jamal Crawford,SG,MIN,4328000,4544400,,,,,,,,4328000,http://a.espncdn.com/combiner/i?img=/i/headshots/nba/players/full/165.png&w=350&h=254
113,Alec Burks,SG,UTA,10845506,11536515,,,,,1st Round Pick,,,22382021,http://a.espncdn.com/combiner/i?img=/i/headshots/nba/players/full/6429.png&w=350&h=254
114,Patty Mills,PG,SAS,10714286,11571429,12428571,13285714,,,Bird Rights,,,48000000,http://a.espncdn.com/combiner/i?img=/i/headshots/nba/players/full/4004.png&w=350&h=254
115,Kelly Olynyk,C,MIA,10607169,11137527,11667885,12198243,,,Cap space,Player,2020,33412581,http://a.espncdn.com/combiner/i?img=/i/headshots/nba/players/full/2489663.png
116,Omer Asik,C,CHI,10595505,11286516,11977527,,,,Bird Rights,Player,2019,24882021,http://a.espncdn.com/combiner/i?img=/i/headshots/nba/players/full/3414.png&w=350&h=254
117,Terrence Ross,SG,ORL,10500000,10500000,,,,,Rookie scale extension,,,21000000,http://a.espncdn.com/combiner/i?img=/i/headshots/nba/players/full/6619.png&w=350&h=254
118,Mirza Teletovic,SF,MIL,10500000,10500000,,,,,Cap Space,,,21000000,http://a.espncdn.com/combiner/i?img=/i/headshots/nba/players/full/4385.png&w=350&h=254
119,Bojan Bogdanovic,SF,IND,10500000,10500000,,,,,Cap space,,,12000000,http://a.espncdn.com/combiner/i?img=/i/headshots/nba/players/full/3593.png&w=350&h=254
120,Jon Leuer,PF,DET,10497319,10002681,9508043,,,,Cap Space,,,30008043,http://a.espncdn.com/combiner/i?img=/i/headshots/nba/players/full/6452.png&w=350&h=254
121,Iman Shumpert,SG,SAC,10337079,11011234,,,,,Bird Rights,Player,2018,10337079,http://a.espncdn.com/combiner/i?img=/i/headshots/nba/players/full/6468.png&w=350&h=254
122,Maurice Harkless,SF,POR,10162922,10837079,11511234,,,,Cap Space,,,32511235,http://a.espncdn.com/combiner/i?img=/i/headshots/nba/players/full/6591.png&w=350&h=254
123,Jared Dudley,SF,PHX,10000000,9530000,,,,,Cap Space,,,19530000,http://a.espncdn.com/combiner/i?img=/i/headshots/nba/players/full/3201.png&w=350&h=254
124,Darren Collison,PG,IND,10000000,10000000,,,,,Cap space,,,12000000,http://a.espncdn.com/combiner/i?img=/i/headshots/nba/players/full/3973.png&w=350&h=254
125,Danny Green,SG,SAS,10000000,10000000,,,,,Bird Rights,Player,2018,10000000,http://a.espncdn.com/combiner/i?img=/i/headshots/nba/players/full/3988.png&w=350&h=254
126,Meyers Leonard,C,POR,9904495,10595506,11286515,,,,Cap Space,,,31786516,http://a.espncdn.com/combiner/i?img=/i/headshots/nba/players/full/6605.png&w=350&h=254
127,Tony Snell,SF,MIL,9821429,10607143,11392857,12178571,,,Cap space,Player,2020,31821429,http://a.espncdn.com/combiner/i?img=/i/headshots/nba/players/full/2528353.png&w=350&h=254
128,Al Jefferson,C,IND,9769821,10000000,,,,,Cap Space,,,13769821,http://a.espncdn.com/combiner/i?img=/i/headshots/nba/players/full/2389.png&w=350&h=254
129,Matthew Dellavedova,SG,MIL,9607500,9607500,9607500,,,,Cap Space,,,28822500,http://a.espncdn.com/combiner/i?img=/i/headshots/nba/players/full/2489716.png&w=350&h=254
130,Joe Johnson,SF,HOU,749905,,,,,,,,,749905,http://a.espncdn.com/combiner/i?img=/i/headshots/nba/players/full/1007.png&w=350&h=254
131,Bogdan Bogdanovic,SG,SAC,9470614,9000000,8529386,,,,Cap space,Team,2020,27000000,http://a.espncdn.com/combiner/i?img=/i/headshots/nba/players/full/3037789.png&w=350&h=254
132,Andre Roberson,SG,OKC,9259259,10000000,10740741,,,,Bird Rights,,,30000000,http://a.espncdn.com/combiner/i?img=/i/headshots/nba/players/full/2530596.png&w=350&h=254
133,Trevor Booker,PF,IND,9125000,,,,,,Cap Space,,,9125000,http://a.espncdn.com/combiner/i?img=/i/headshots/nba/players/full/4270.png&w=350&h=254
134,Dwight Powell,PF,DAL,9003125,9631250,10259375,,,,Cap Space,Player,2019,18634375,http://a.espncdn.com/combiner/i?img=/i/headshots/nba/players/full/2531367.png&w=350&h=254
135,Jerryd Bayless,SG,PHI,9000000,8575916,,,,,Cap Space,,,17575916,http://a.espncdn.com/combiner/i?img=/i/headshots/nba/players/full/3417.png&w=350&h=254
136,Avery Bradley,SG,LAC,8808989,,,,,,Bird Rights,,,8808989,http://a.espncdn.com/combiner/i?img=/i/headshots/nba/players/full/4240.png
137,JaMychal Green,PF,MEM,8533333,7866667,,,,,Bird Rights,,,16400000,http://a.espncdn.com/combiner/i?img=/i/headshots/nba/players/full/2327577.png&w=350&h=254
138,E'Twaun Moore,SG,NOP,8445024,8808685,8664928,,,,Cap Space,,,25918637,http://a.espncdn.com/combiner/i?img=/i/headshots/nba/players/full/6460.png
139,Rudy Gay,SF,SAS,8406000,8826300,,,,,MLE,Player,2018,8406000,http://a.espncdn.com/combiner/i?img=/i/headshots/nba/players/full/3005.png&w=350&h=254
140,Kosta Koufos,C,SAC,8393000,8739500,,,,,Cap Space,Player,2018,8393000,http://a.espncdn.com/combiner/i?img=/i/headshots/nba/players/full/3444.png&w=350&h=254
141,Markieff Morris,PF,WAS,8000000,8600000,,,,,Bird Rights,,,16600000,http://a.espncdn.com/combiner/i?img=/i/headshots/nba/players/full/6461.png&w=350&h=254
142,Vince Carter,SG,SAC,8000000,,,,,,Cap space,,,8000000,http://a.espncdn.com/combiner/i?img=/i/headshots/nba/players/full/136.png&w=350&h=254
143,Garrett Temple,SG,SAC,8000000,8000000,,,,,Cap Space,Player,2018,8000000,http://a.espncdn.com/combiner/i?img=/i/headshots/nba/players/full/4023.png&w=350&h=254
144,C.J. Miles,SF,TOR,7936509,8333333,8730158,,,,MLE,Player,2018,16269842,http://a.espncdn.com/combiner/i?img=/i/headshots/nba/players/full/2778.png&w=350&h=254
145,Cristiano Felicio,C,CHI,7843500,8470980,8156500,7529020,,,Cap space,,,32000000,http://a.espncdn.com/combiner/i?img=/i/headshots/nba/players/full/3113587.png&w=350&h=254
146,Shaun Livingston,PG,GSW,7692308,8307692,7692308,,,,Bird Rights,,,18000000,http://a.espncdn.com/combiner/i?img=/i/headshots/nba/players/full/2393.png&w=350&h=254
147,Cory Joseph,PG,IND,7630000,7945000,,,,,Cap Space,Player,2018,7630000,http://a.espncdn.com/combiner/i?img=/i/headshots/nba/players/full/6446.png&w=350&h=254
148,P.J. Tucker,SF,HOU,7590035,7969537,8349039,7969537,,,MLE,,,26477799,http://a.espncdn.com/combiner/i?img=/i/headshots/nba/players/full/3033.png&w=350&h=254
149,Corey Brewer,SG,LAL,7579366,,,,,,Cap Space,,,7579366,http://a.espncdn.com/combiner/i?img=/i/headshots/nba/players/full/3191.png&w=350&h=254
150,Andrew Wiggins,SF,MIN,7574322,25250000,27270000,29290000,31310000,,1st Round Pick,,,154024322,http://a.espncdn.com/combiner/i?img=/i/headshots/nba/players/full/3059319.png&w=350&h=254
151,Darrell Arthur,PF,DEN,7464912,7464912,,,,,Cap Space,Player,2018,7464912,http://a.espncdn.com/combiner/i?img=/i/headshots/nba/players/full/3413.png&w=350&h=254
152,Channing Frye,PF,LAL,7420912,,,,,,Cap Space,,,7420912,http://a.espncdn.com/combiner/i?img=/i/headshots/nba/players/full/2754.png&w=350&h=254
153,Trevor Ariza,SF,HOU,7420912,,,,,,Bird Rights,,,7420912,http://a.espncdn.com/combiner/i?img=/i/headshots/nba/players/full/2426.png&w=350&h=254
154,Al-Farouq Aminu,SF,POR,7319035,6957105,,,,,Cap Space,,,14276140,http://a.espncdn.com/combiner/i?img=/i/headshots/nba/players/full/4248.png&w=350&h=254
155,Cole Aldrich,C,MIN,7300000,6956021,,,,,Cap Space,,,9356021,http://a.espncdn.com/combiner/i?img=/i/headshots/nba/players/full/4267.png&w=350&h=254
156,D.J. Augustin,PG,ORL,7250000,7250000,7250000,,,,Cap Space,,,21750000,http://a.espncdn.com/combiner/i?img=/i/headshots/nba/players/full/3415.png&w=350&h=254
157,Markelle Fultz,PG,PHI,7026240,8339880,9745200,12288697,,,1st Round Pick,Team,2019,15366120,http://a.espncdn.com/combiner/i?img=/i/headshots/nba/players/full/4066636.png&w=350&h=254
158,Lou Williams,SG,LAC,7000000,8000000,8000000,8000000,,,Cap Space,,,23000000,http://a.espncdn.com/combiner/i?img=/i/headshots/nba/players/full/2799.png&w=350&h=254
159,Kyle Korver,SF,CLE,7000000,7560000,7500000,,,,Bird Rights,,,18000000,http://a.espncdn.com/combiner/i?img=/i/headshots/nba/players/full/2011.png&w=350&h=254
160,Jeremy Lamb,SG,CHA,7000000,7488372,,,,,Rookie scale extension,,,14488372,http://a.espncdn.com/combiner/i?img=/i/headshots/nba/players/full/6603.png&w=350&h=254
161,Boban Marjanovic,C,LAC,7000000,7000000,,,,,Cap Space,,,14000000,http://a.espncdn.com/combiner/i?img=/i/headshots/nba/players/full/4376.png&w=350&h=254
162,Jae Crowder,SF,UTA,6796117,7305825,7815533,,,,Bird Rights,,,21917475,http://a.espncdn.com/combiner/i?img=/i/headshots/nba/players/full/6581.png&w=350&h=254
163,Jabari Parker,SF,MIL,6782392,8851021,,,,,1st Round Pick,Team,2018,6782392,http://a.espncdn.com/combiner/i?img=/i/headshots/nba/players/full/3056600.png&w=350&h=254
164,Langston Galloway,PG,DET,6666667,7000000,7333333,,,,MLE,,,21000000,http://a.espncdn.com/combiner/i?img=/i/headshots/nba/players/full/2530572.png&w=350&h=254
165,Lance Thomas,SF,NYK,6655325,7119650,7583975,,,,Cap Space,,,13774975,http://a.espncdn.com/combiner/i?img=/i/headshots/nba/players/full/6485.png&w=350&h=254
166,Ed Davis,PF,POR,6352531,,,,,,Cap Space,,,6352531,http://a.espncdn.com/combiner/i?img=/i/headshots/nba/players/full/4259.png&w=350&h=254
167,Marco Belinelli,SG,PHI,815686,,,,,,,,,815686,http://a.espncdn.com/combiner/i?img=/i/headshots/nba/players/full/3190.png&w=350&h=254
168,Jonathon Simmons,SF,ORL,6300000,6000000,5700000,,,,Cap space,,,13300000,http://a.espncdn.com/combiner/i?img=/i/headshots/nba/players/full/2579466.png&w=350&h=254
169,Lonzo Ball,PG,LAL,6286560,7461960,8719320,11003782,,,1st Round Pick,Team,2019,13748520,http://a.espncdn.com/combiner/i?img=/i/headshots/nba/players/full/4066421.png&w=350&h=254
170,Wayne Ellington,SG,MIA,6270000,,,,,,Cap Space,,,6270000,http://a.espncdn.com/combiner/i?img=/i/headshots/nba/players/full/3981.png&w=350&h=254
171,Isaiah Thomas,PG,LAL,6261395,,,,,,,,,6261395,http://a.espncdn.com/combiner/i?img=/i/headshots/nba/players/full/6472.png&w=350&h=254
172,Karl-Anthony Towns,C,MIN,6216840,7839435,,,,,1st round pick,Team,2019,6216840,http://a.espncdn.com/combiner/i?img=/i/headshots/nba/players/full/3136195.png&w=350&h=254
173,Ben Simmons,PG,PHI,6168840,6434520,8113930,,,,1st Round pick,Team,2019,12603360,http://a.espncdn.com/combiner/i?img=/i/headshots/nba/players/full/3907387.png&w=350&h=254
174,Joel Embiid,C,PHI,6100266,25250000,27270000,29290000,31310000,,1st Round Pick,,,6100266,http://a.espncdn.com/combiner/i?img=/i/headshots/nba/players/full/3059318.png&w=350&h=254
175,Spencer Hawes,C,MIL,6021175,,,,,,,,,6021175,http://a.espncdn.com/combiner/i?img=/i/headshots/nba/players/full/3211.png&w=350&h=254
176,Josh McRoberts,PF,DAL,6021175,,,,,,,,,6021175,http://a.espncdn.com/combiner/i?img=/i/headshots/nba/players/full/3220.png&w=350&h=254
177,Ish Smith,PG,DET,6000000,6000000,,,,,Cap Space,,,12000000,http://a.espncdn.com/combiner/i?img=/i/headshots/nba/players/full/4305.png&w=350&h=254
178,Alan Williams,PF,PHX,6000000,5520000,5520000,,,,Cap space,,,6000000,http://a.espncdn.com/combiner/i?img=/i/headshots/nba/players/full/2579326.png&w=350&h=254
179,Shelvin Mack,PG,ORL,6000000,6000000,,,,,Cap space,,,6000000,http://a.espncdn.com/combiner/i?img=/i/headshots/nba/players/full/6454.png&w=350&h=254
180,Milos Teodosic,PG,LAC,6000000,6300000,,,,,MLE,Player,2018,6000000,http://a.espncdn.com/combiner/i?img=/i/headshots/nba/players/full/4192.png&w=350&h=254
181,Dewayne Dedmon,C,ATL,6000000,6300000,,,,,Cap space,Player,2018,6000000,http://a.espncdn.com/combiner/i?img=/i/headshots/nba/players/full/2580913.png&w=350&h=254
182,Ersan Ilyasova,PF,ATL,6000000,,,,,,Cap space,,,6000000,http://a.espncdn.com/combiner/i?img=/i/headshots/nba/players/full/2767.png&w=350&h=254
183,Tyler Johnson,SG,MIA,5881260,19245370,19245370,,,,Cap Space,,,25126630,http://a.espncdn.com/combiner/i?img=/i/headshots/nba/players/full/2530276.png&w=350&h=254
184,Wesley Johnson,SF,LAC,5881260,6134000,,,,,Cap Space,Player,2018,5881260,http://a.espncdn.com/combiner/i?img=/i/headshots/nba/players/full/4247.png&w=350&h=254
185,Alex Abrines,SG,OKC,5725000,5455236,,,,,Cap Space,,,11180236,http://a.espncdn.com/combiner/i?img=/i/headshots/nba/players/full/2995702.png&w=350&h=254
186,Jayson Tatum,SF,BOS,5645400,6700800,7830000,9897120,,,1st Round Pick,Team,2019,12346200,http://a.espncdn.com/combiner/i?img=/i/headshots/nba/players/full/4065648.png
187,D'Angelo Russell,PG,BKN,5562360,7019698,,,,,1st round pick,Team,2019,12582058,http://a.espncdn.com/combiner/i?img=/i/headshots/nba/players/full/3136776.png&w=350&h=254
188,Brandon Ingram,SF,LAL,5519400,5757120,7265485,,,,1st Round pick,Team,2019,11276520,http://a.espncdn.com/combiner/i?img=/i/headshots/nba/players/full/3913176.png
189,Patrick Beverley,PG,LAC,5513514,5027028,,,,,Bird Rights,,,5513514,http://a.espncdn.com/combiner/i?img=/i/headshots/nba/players/full/3964.png&w=350&h=254
190,Aaron Gordon,PF,ORL,5504420,,,,,,1st Round Pick,Team,2018,5504420,http://a.espncdn.com/combiner/i?img=/i/headshots/nba/players/full/3064290.png&w=350&h=254
191,Deron Williams,PG,BKN,5500000,5500000,5500000,,,,,,,16500000,http://a.espncdn.com/combiner/i?img=/i/headshots/nba/players/full/2798.png&w=350&h=254
192,Josh Smith,SF,DET,5400000,5400000,5400000,,,,,,,16200000,http://a.espncdn.com/combiner/i?img=/i/headshots/nba/players/full/2411.png&w=350&h=254
193,Thabo Sefolosha,SF,UTA,5250000,5250000,,,,,Cap space,,,5250000,http://a.espncdn.com/combiner/i?img=/i/headshots/nba/players/full/3028.png&w=350&h=254
194,Jason Smith,C,WAS,5225000,5450000,,,,,Cap Space,Player,2018,5225000,http://a.espncdn.com/combiner/i?img=/i/headshots/nba/players/full/3232.png&w=350&h=254
195,Ben McLemore,SG,MEM,5200000,5460000,,,,,MLE,,,10660000,http://a.espncdn.com/combiner/i?img=/i/headshots/nba/players/full/2578213.png&w=350&h=254
196,Patrick Patterson,PF,OKC,5192000,5451600,5711200,,,,MLE,Player,2019,10643600,http://a.espncdn.com/combiner/i?img=/i/headshots/nba/players/full/4264.png&w=350&h=254
197,Nick Young,SG,GSW,5192000,,,,,,MLE,,,5192000,http://a.espncdn.com/combiner/i?img=/i/headshots/nba/players/full/3243.png
198,Brandan Wright,C,HOU,705652,,,,,,,,,705652,http://a.espncdn.com/combiner/i?img=/i/headshots/nba/players/full/3242.png&w=350&h=254
199,Josh Jackson,SF,PHX,5090040,6041520,7059480,8930242,,,1st Round Pick,Team,2019,11131560,http://a.espncdn.com/combiner/i?img=/i/headshots/nba/players/full/4066297.png&w=350&h=254
200,Marcus Morris,SF,BOS,5000000,5375000,,,,,Bird Rights,,,10375000,http://a.espncdn.com/combiner/i?img=/i/headshots/nba/players/full/6462.png&w=350&h=254
201,Dirk Nowitzki,PF,DAL,5000000,5000000,,,,,Cap space,Team,2018,5000000,http://a.espncdn.com/combiner/i?img=/i/headshots/nba/players/full/609.png&w=350&h=254
202,Greg Monroe,C,BOS,5000000,,,,,,Disabled Player Exception,,,5000000,http://a.espncdn.com/combiner/i?img=/i/headshots/nba/players/full/4260.png&w=350&h=254
203,Mike Muscala,PF,ATL,5000000,5000000,,,,,Cap space,Player,2018,5000000,http://a.espncdn.com/combiner/i?img=/i/headshots/nba/players/full/2490089.png&w=350&h=254
204,Jahlil Okafor,C,BKN,4995120,,,,,,1st round pick,,,4995120,http://a.espncdn.com/combiner/i?img=/i/headshots/nba/players/full/3135048.png
205,Dante Exum,PG,UTA,4992385,,,,,,1st Round Pick,Team,2018,4992385,http://a.espncdn.com/combiner/i?img=/i/headshots/nba/players/full/3102528.png&w=350&h=254
206,Alexis Ajinca,C,NOP,4961798,5285394,,,,,Early Bird Rights,,,10247192,http://a.espncdn.com/combiner/i?img=/i/headshots/nba/players/full/3410.png&w=350&h=254
207,Jaylen Brown,SF,BOS,4956480,5169960,6534829,,,,1st Rd pick,Team,2019,10126440,http://a.espncdn.com/combiner/i?img=/i/headshots/nba/players/full/3917376.png&w=350&h=254
208,Jameer Nelson,PG,DEN,4736050,,,,,,,,,4736050,http://a.espncdn.com/combiner/i?img=/i/headshots/nba/players/full/2439.png&w=350&h=254
209,Kyle Singler,SF,OKC,4666500,4996000,5333500,,,,Bird Rights,Team,2019,9662500,http://a.espncdn.com/combiner/i?img=/i/headshots/nba/players/full/6469.png&w=350&h=254
210,Justin Holiday,SG,CHI,4615385,4384616,,,,,MLE,,,9000001,http://a.espncdn.com/combiner/i?img=/i/headshots/nba/players/full/2284101.png&w=350&h=254
211,De Aaron Fox,PG,SAC,4609200,5407920,6392760,8099627,,,1st Round Pick,Team,2019,10017120,http://a.espncdn.com/combiner/i?img=/i/headshots/nba/players/full/4066259.png&w=350&h=254
212,Marcus Smart,PG,BOS,4538020,,,,,,1st Round Pick,Team,2018,4538020,http://a.espncdn.com/combiner/i?img=/i/headshots/nba/players/full/2990992.png&w=350&h=254
213,Kristaps Porzingis,PF,NYK,4503600,5697054,,,,,1st round pick,Team,2019,10200654,http://a.espncdn.com/combiner/i?img=/i/headshots/nba/players/full/3102531.png&w=350&h=254
214,Dragan Bender,PF,PHX,4468800,4661280,5896519,,,,1st Round pick,Team,2019,9130080,http://a.espncdn.com/combiner/i?img=/i/headshots/nba/players/full/4011991.png
215,Devin Harris,PG,DEN,4402546,,,,,,Cap Space,,,4402546,http://a.espncdn.com/combiner/i?img=/i/headshots/nba/players/full/2382.png&w=350&h=254
216,Ron Baker,PG,NYK,4328000,4544400,,,,,Room Exception,Player,2018,4328000,http://a.espncdn.com/combiner/i?img=/i/headshots/nba/players/full/2580349.png
217,Jamal Crawford,SG,MIN,4328000,4544400,,,,,Room Exception,Team,2018,4328000,http://a.espncdn.com/combiner/i?img=/i/headshots/nba/players/full/165.png&w=350&h=254
218,Aron Baynes,C,BOS,4328000,,,,,,Room Exception,,,4328000,http://a.espncdn.com/combiner/i?img=/i/headshots/nba/players/full/2968439.png&w=350&h=254
219,Alex Len,C,PHX,4187599,,,,,,1st Round Pick,,,4187599,http://a.espncdn.com/combiner/i?img=/i/headshots/nba/players/full/2596107.png&w=350&h=254
220,Nerlens Noel,C,DAL,4187599,,,,,,1st Round Pick,,,4187599,http://a.espncdn.com/combiner/i?img=/i/headshots/nba/players/full/2991280.png&w=350&h=254
221,Jonathan Isaac,SF,ORL,4186320,4969080,5806440,7362566,,,1st Round Pick,Team,2019,9155400,http://a.espncdn.com/combiner/i?img=/i/headshots/nba/players/full/4065654.png&w=350&h=254
222,Lance Stephenson,SG,IND,4180000,4360000,,,,,Cap space,Team,2018,4180000,http://a.espncdn.com/combiner/i?img=/i/headshots/nba/players/full/4244.png&w=350&h=254
223,Julius Randle,PF,LAL,4149242,,,,,,1st Round Pick,Team,2018,4149242,http://a.espncdn.com/combiner/i?img=/i/headshots/nba/players/full/3064514.png&w=350&h=254
224,Kyle O'Quinn,C,NYK,4087500,4256250,,,,,Bird Rights,Player,2018,4087500,http://a.espncdn.com/combiner/i?img=/i/headshots/nba/players/full/6615.png&w=350&h=254
225,Mario Hezonja,SG,ORL,4078320,,,,,,1st round pick,,,4078320,http://a.espncdn.com/combiner/i?img=/i/headshots/nba/players/full/2995706.png&w=350&h=254
226,Kris Dunn,PG,CHI,4046760,4221000,5348007,,,,1st Round pick,Team,2019,8267760,http://a.espncdn.com/combiner/i?img=/i/headshots/nba/players/full/2991139.png&w=350&h=254
227,Jonas Jerebko,PF,UTA,4000000,4200000,,,,,Cap space,,,4000000,http://a.espncdn.com/combiner/i?img=/i/headshots/nba/players/full/3998.png&w=350&h=254
228,Nemanja Bjelica,,MIN,3949999,,,,,,MLE,Team,2018,3949999,http://a.espncdn.com/combiner/i?img=/i/headshots/nba/players/full/4269.png&w=350&h=254
229,J.J. Barea,PG,DAL,3903900,3710850,,,,,Cap Space,,,7614750,http://a.espncdn.com/combiner/i?img=/i/headshots/nba/players/full/3055.png&w=350&h=254
230,Quincy Pondexter,SF,CHI,3853931,,,,,,,,,3853931,http://a.espncdn.com/combiner/i?img=/i/headshots/nba/players/full/4253.png&w=350&h=254
231,Lauri Markkanen,PF,CHI,3821640,4536120,5300400,6731508,,,1st Round Pick,Team,2019,8357760,http://a.espncdn.com/combiner/i?img=/i/headshots/nba/players/full/4066336.png&w=350&h=254
232,Nik Stauskas,SG,BKN,3807146,,,,,,1st Round Pick,Team,2018,3807146,http://a.espncdn.com/combiner/i?img=/i/headshots/nba/players/full/2991042.png&w=350&h=254
233,Willie Cauley-Stein,C,SAC,3704160,4696875,,,,,1st round pick,Team,2019,8401035,http://a.espncdn.com/combiner/i?img=/i/headshots/nba/players/full/2991282.png&w=350&h=254
234,Buddy Hield,SG,SAC,3675480,3833760,4861208,,,,1st Round pick,Team,2019,7509240,http://a.espncdn.com/combiner/i?img=/i/headshots/nba/players/full/2990984.png
235,Will Barton,SG,DEN,3533333,,,,,,Bird Rights,,,3533333,http://a.espncdn.com/combiner/i?img=/i/headshots/nba/players/full/6579.png
236,Noah Vonleh,PF,CHI,3505233,,,,,,1st Round Pick,Team,2018,3505233,http://a.espncdn.com/combiner/i?img=/i/headshots/nba/players/full/3078284.png&w=350&h=254
237,Frank Ntilikina,PG,NYK,3501120,4155720,4855800,6176578,,,1st Round Pick,Team,2019,7656840,http://a.espncdn.com/combiner/i?img=/i/headshots/nba/players/full/4230547.png&w=350&h=254
238,Nene Hilario,C,HOU,3477600,3651480,3825360,,,,Non-Bird Rights,,,10954440,http://a.espncdn.com/combiner/i?img=/i/headshots/nba/players/full/1713.png&w=350&h=254
239,Zaza Pachulia,C,GSW,3477600,,,,,,,,,3477600,http://a.espncdn.com/combiner/i?img=/i/headshots/nba/players/full/2016.png&w=350&h=254
240,Troy Daniels,PG,PHX,3408520,3258540,,,,,Cap Space,,,6667060,http://a.espncdn.com/combiner/i?img=/i/headshots/nba/players/full/2489530.png&w=350&h=254
241,Emmanuel Mudiay,PG,NYK,3381480,4294480,,,,,1st round pick,Team,2019,7675960,http://a.espncdn.com/combiner/i?img=/i/headshots/nba/players/full/3892818.png&w=350&h=254
242,Jamal Murray,PG,DEN,3355320,3499800,4444746,,,,1st Round pick,Team,2019,6855120,http://a.espncdn.com/combiner/i?img=/i/headshots/nba/players/full/3936299.png&w=350&h=254
243,Elfrid Payton,PG,PHX,3332340,,,,,,1st Round Pick,Team,2018,3332340,http://a.espncdn.com/combiner/i?img=/i/headshots/nba/players/full/2583639.png&w=350&h=254
244,Rajon Rondo,PG,NOP,3300000,,,,,,MLE,,,3300000,http://a.espncdn.com/combiner/i?img=/i/headshots/nba/players/full/3026.png&w=350&h=254
245,Doug McDermott,SF,DAL,3294994,,,,,,1st Round Pick,Team,2018,3294994,http://a.espncdn.com/combiner/i?img=/i/headshots/nba/players/full/2528588.png&w=350&h=254
246,Jodie Meeks,SG,WAS,3290000,3454500,,,,,Bi-annual Exception,Player,2018,3290000,http://a.espncdn.com/combiner/i?img=/i/headshots/nba/players/full/4003.png&w=350&h=254
247,Tyreke Evans,SG,MEM,3290000,,,,,,Bi-annual Exception,,,3290000,http://a.espncdn.com/combiner/i?img=/i/headshots/nba/players/full/3983.png&w=350&h=254
248,Tarik Black,C,HOU,3290000,,,,,,Bi-annual Exception,,,3290000,http://a.espncdn.com/combiner/i?img=/i/headshots/nba/players/full/2528393.png&w=350&h=254
249,Anthony Tolliver,PF,DET,3290000,,,,,,Bi-annual Exception,,,3290000,http://a.espncdn.com/combiner/i?img=/i/headshots/nba/players/full/3276.png&w=350&h=254
250,Dennis Smith,PG,DAL,3218280,3819960,4463640,5686677,,,1st Round Pick,Team,2019,7038240,http://a.espncdn.com/combiner/i?img=/i/headshots/nba/players/full/4065697.png&w=350&h=254
251,Zach LaVine,PG,CHI,3202217,,,,,,1st Round Pick,Team,2018,3202217,http://a.espncdn.com/combiner/i?img=/i/headshots/nba/players/full/3064440.png&w=350&h=254
252,Ekpe Udoh,PF,UTA,3200000,3360000,,,,,Room Exception,,,3200000,http://a.espncdn.com/combiner/i?img=/i/headshots/nba/players/full/4261.png&w=350&h=254
253,T.J. Warren,SF,PHX,3152931,11750000,10810000,11750000,12690000,,1st Round Pick,,,50152931,http://a.espncdn.com/combiner/i?img=/i/headshots/nba/players/full/2982334.png&w=350&h=254
254,Stanley Johnson,SF,DET,3097800,3940402,,,,,1st round pick,Team,2019,7038202,http://a.espncdn.com/combiner/i?img=/i/headshots/nba/players/full/3134881.png&w=350&h=254
255,Marquese Chriss,PF,PHX,3073800,3206160,4078236,,,,1st Rd pick,Team,2019,6279960,http://a.espncdn.com/combiner/i?img=/i/headshots/nba/players/full/3907487.png&w=350&h=254
256,Zach Collins,PF,POR,3057240,3628920,4240200,5406255,,,1st Round Pick,Team,2019,6686160,http://a.espncdn.com/combiner/i?img=/i/headshots/nba/players/full/4066650.png&w=350&h=254
257,James Ennis,SF,DET,3028410,,,,,,Room exception,,,3028410,http://a.espncdn.com/combiner/i?img=/i/headshots/nba/players/full/2579321.png&w=350&h=254
258,Seth Curry,PG,DAL,3028410,,,,,,Room exception,,,3028410,http://a.espncdn.com/combiner/i?img=/i/headshots/nba/players/full/2326307.png&w=350&h=254
259,Mindaugas Kuzminskas,SF,NYK,3025035,,,,,,,,,3025035,http://a.espncdn.com/combiner/i?img=/i/headshots/nba/players/full/3138120.png&w=350&h=254
260,Tomas Satoransky,PG,WAS,3000000,3129187,,,,,Cap Space,Team,2019,6129187,http://a.espncdn.com/combiner/i?img=/i/headshots/nba/players/full/6621.png&w=350&h=254
262,Lucas Nogueira,C,TOR,2947305,,,,,,1st Round Pick,Team,2018,2947305,http://a.espncdn.com/combiner/i?img=/i/headshots/nba/players/full/3032980.png&w=350&h=254
263,Jusuf Nurkic,C,POR,2947305,,,,,,1st Round Pick,Team,2018,2947305,http://a.espncdn.com/combiner/i?img=/i/headshots/nba/players/full/3102530.png&w=350&h=254
264,Malik Monk,SG,CHA,2904480,3447480,4028400,5345687,,,1st Round Pick,Team,2019,6351960,http://a.espncdn.com/combiner/i?img=/i/headshots/nba/players/full/4066262.png&w=350&h=254
265,Frank Kaminsky,PF,CHA,2847600,3627842,,,,,1st round pick,Team,2019,6475442,http://a.espncdn.com/combiner/i?img=/i/headshots/nba/players/full/2579294.png&w=350&h=254
266,Andrew Nicholson,PF,POR,2844429,2844429,2844429,2844429,2844429,,,,,19911003,http://a.espncdn.com/combiner/i?img=/i/headshots/nba/players/full/6614.png&w=350&h=254
267,Jakob Poeltl,C,TOR,2825640,2947320,3754886,,,,1st Round pick,Team,2019,5772960,http://a.espncdn.com/combiner/i?img=/i/headshots/nba/players/full/3134908.png
268,Luke Kennard,SG,DET,2759280,3275280,3827160,5273826,,,1st Round Pick,Team,2019,6034560,http://a.espncdn.com/combiner/i?img=/i/headshots/nba/players/full/3913174.png&w=350&h=254
269,Justise Winslow,SF,MIA,2705040,3448926,,,,,1st round pick,RFA,2019,6153966,http://a.espncdn.com/combiner/i?img=/i/headshots/nba/players/full/3135047.png&w=350&h=254
270,Michael Carter-Williams,PG,CHA,2700000,,,,,,Bi-annual Exception,,,2700000,http://a.espncdn.com/combiner/i?img=/i/headshots/nba/players/full/2596108.png&w=350&h=254
271,Thon Maker,C,MIL,2684160,2799720,3569643,,,,1st Round pick,Team,2019,5483880,http://a.espncdn.com/combiner/i?img=/i/headshots/nba/players/full/4017843.png&w=350&h=254
272,Cedi Osman,SF,CLE,2642857,2775000,2907143,,,,MLE,RFA,2020,8325000,http://a.espncdn.com/combiner/i?img=/i/headshots/nba/players/full/3893016.png
273,Donovan Mitchell,PG,UTA,2621280,3111480,3635760,5195501,,,1st Round Pick,Team,2019,5732760,http://a.espncdn.com/combiner/i?img=/i/headshots/nba/players/full/3908809.png
274,Myles Turner,C,IND,2569920,3410284,,,,,1st round pick,RFA,2019,5980204,http://a.espncdn.com/combiner/i?img=/i/headshots/nba/players/full/3133628.png&w=350&h=254
275,Gary Harris,SG,DEN,2550055,16517857,17839286,19160714,20482143,,1st Round Pick,,,76550055,http://a.espncdn.com/combiner/i?img=/i/headshots/nba/players/full/2999547.png&w=350&h=254
276,Domantas Sabonis,PF,IND,2550000,2659800,3529555,,,,1st Round pick,Team,2019,5209800,http://a.espncdn.com/combiner/i?img=/i/headshots/nba/players/full/3155942.png&w=350&h=254
277,Manu Ginobili,SG,SAS,2500000,2500000,,,,,,,,5000000,http://a.espncdn.com/combiner/i?img=/i/headshots/nba/players/full/272.png
278,Reggie Bullock,SF,DET,2500000,2500000,,,,,Cap space,,,2500000,http://a.espncdn.com/combiner/i?img=/i/headshots/nba/players/full/2528779.png&w=350&h=254
280,Malcolm Delaney,SG,ATL,2500000,,,,,,Room Exception,RFA,2018,2500000,http://a.espncdn.com/combiner/i?img=/i/headshots/nba/players/full/2282205.png&w=350&h=254
281,Bam Adebayo,C,MIA,2490360,2955840,3454080,5115492,,,1st Round Pick,Team,2019,5446200,http://a.espncdn.com/combiner/i?img=/i/headshots/nba/players/full/4066261.png&w=350&h=254
282,Bruno Caboclo,SF,SAC,2451225,,,,,,1st Round Pick,RFA,2018,2451225,http://a.espncdn.com/combiner/i?img=/i/headshots/nba/players/full/3113297.png&w=350&h=254
283,Ronnie Price,PG,OKC,2442455,,,,,,,,,2442455,http://a.espncdn.com/combiner/i?img=/i/headshots/nba/players/full/2807.png&w=350&h=254
284,Trey Lyles,PF,DEN,2441400,3364249,,,,,1st round pick,RFA,2019,5805649,http://a.espncdn.com/combiner/i?img=/i/headshots/nba/players/full/3136196.png&w=350&h=254
285,Dario Saric,SF,PHI,2422560,2526840,3481986,,,,1st Round pick,Team,2019,4949400,http://a.espncdn.com/combiner/i?img=/i/headshots/nba/players/full/3032978.png&w=350&h=254
286,Taurean Waller-Prince,SF,ATL,2422560,2526840,3481986,,,,1st Round pick,Team,2019,4949400,http://a.espncdn.com/combiner/i?img=/i/headshots/nba/players/full/2990962.png&w=350&h=254
287,Rodney Hood,SG,CLE,2386864,,,,,,1st Round Pick,RFA,2018,2386864,http://a.espncdn.com/combiner/i?img=/i/headshots/nba/players/full/2581177.png&w=350&h=254
288,Justin Jackson,SF,SAC,2365560,2807880,3280920,5029650,,,1st Round Pick,Team,2019,5173440,http://a.espncdn.com/combiner/i?img=/i/headshots/nba/players/full/3138156.png&w=350&h=254
289,Shabazz Napier,PG,POR,2361360,,,,,,1st Round Pick,RFA,2018,2361360,http://a.espncdn.com/combiner/i?img=/i/headshots/nba/players/full/2530780.png
290,Clint Capela,C,HOU,2334520,,,,,,1st Round Pick,RFA,2018,2334520,http://a.espncdn.com/combiner/i?img=/i/headshots/nba/players/full/3102529.png&w=350&h=254
291,Arron Afflalo,SG,ORL,2328652,,,,,,Minimum Salary,,,2328652,http://a.espncdn.com/combiner/i?img=/i/headshots/nba/players/full/3187.png&w=350&h=254
292,Nick Collison,PF,OKC,2328652,,,,,,Minimum Salary,,,2328652,http://a.espncdn.com/combiner/i?img=/i/headshots/nba/players/full/1978.png&w=350&h=254
293,Raymond Felton,PG,OKC,2328652,,,,,,Minimum Salary,,,2328652,http://a.espncdn.com/combiner/i?img=/i/headshots/nba/players/full/2753.png&w=350&h=254
294,Ramon Sessions,PG,NYK,131562,,,,,,10 Day Contract,,,131562,http://a.espncdn.com/combiner/i?img=/i/headshots/nba/players/full/3231.png&w=350&h=254
295,Jarrett Jack,PG,NYK,2328652,,,,,,Minimum Salary,,,2328652,http://a.espncdn.com/combiner/i?img=/i/headshots/nba/players/full/2768.png&w=350&h=254
296,Jason Terry,PG,MIL,2328652,,,,,,Minimum Salary,,,2328652,http://a.espncdn.com/combiner/i?img=/i/headshots/nba/players/full/841.png&w=350&h=254
297,Udonis Haslem,PF,MIA,2328652,,,,,,Minimum Salary,,,2328652,http://a.espncdn.com/combiner/i?img=/i/headshots/nba/players/full/2184.png&w=350&h=254
298,Dwyane Wade,SG,MIA,2328652,,,,,,Minimum Salary,,,2328652,http://a.espncdn.com/combiner/i?img=/i/headshots/nba/players/full/1987.png&w=350&h=254
299,David West,PF,GSW,2328652,,,,,,Minimum Salary,,,2328652,http://a.espncdn.com/combiner/i?img=/i/headshots/nba/players/full/2177.png&w=350&h=254
300,Richard Jefferson,SF,DEN,2328652,,,,,,Minimum Salary,,,2328652,http://a.espncdn.com/combiner/i?img=/i/headshots/nba/players/full/1006.png&w=350&h=254
301,Jose Calderon,PG,CLE,2328652,,,,,,Minimum Salary,,,2328652,http://a.espncdn.com/combiner/i?img=/i/headshots/nba/players/full/2806.png&w=350&h=254
302,Andrew Bogut,C,LAL,1105123,,,,,,,,,1105123,http://a.espncdn.com/combiner/i?img=/i/headshots/nba/players/full/2747.png&w=350&h=254
303,Devin Booker,SG,PHX,2319360,3314365,,,,,1st round pick,RFA,2019,5633725,http://a.espncdn.com/combiner/i?img=/i/headshots/nba/players/full/3136193.png&w=350&h=254
304,Georgios Papagiannis,C,SAC,2301360,2400480,3430288,,,,,,,4701840,http://a.espncdn.com/combiner/i?img=/i/headshots/nba/players/full/4017846.png&w=350&h=254
305,Dante Cunningham,PF,BKN,2300000,,,,,,MLE,,,2300000,http://a.espncdn.com/combiner/i?img=/i/headshots/nba/players/full/3974.png&w=350&h=254
306,Jameer Nelson,PG,DET,2262871,,,,,,,,,2262871,http://a.espncdn.com/combiner/i?img=/i/headshots/nba/players/full/2439.png&w=350&h=254
307,Justin Patton,C,MIN,2247480,2667600,3117240,4781846,,,1st Round Pick,Team,2019,4915080,http://a.espncdn.com/combiner/i?img=/i/headshots/nba/players/full/3912332.png&w=350&h=254
308,Guerschon Yabusele,PF,BOS,2247480,2667600,3117240,4781846,,,1st Round Pick,Team,2019,4915080,http://a.espncdn.com/combiner/i?img=/i/headshots/nba/players/full/4017844.png&w=350&h=254
309,Monta Ellis,SG,IND,2245400,2245400,2245400,2245400,2245400,,,,,11227000,http://a.espncdn.com/combiner/i?img=/i/headshots/nba/players/full/2751.png&w=350&h=254
310,Cameron Payne,PG,CHI,2203440,3263295,,,,,1st round pick,Team,2019,5466735,http://a.espncdn.com/combiner/i?img=/i/headshots/nba/players/full/3064230.png&w=350&h=254
311,Denzel Valentine,SG,CHI,2186400,2280600,3377569,,,,1st Round pick,Team,2019,4467000,http://a.espncdn.com/combiner/i?img=/i/headshots/nba/players/full/2999549.png&w=350&h=254
312,Josh Smith,SF,NOP,2183934,,,,,,,,,2183934,http://a.espncdn.com/combiner/i?img=/i/headshots/nba/players/full/2411.png&w=350&h=254
313,Kyle Anderson,SF,SAS,2151704,,,,,,1st Round Pick,RFA,2018,2151704,http://a.espncdn.com/combiner/i?img=/i/headshots/nba/players/full/2993874.png&w=350&h=254
314,D.J. Wilson,PF,MIL,2135040,2534280,2961120,4548280,,,1st Round Pick,Team,2019,4669320,http://a.espncdn.com/combiner/i?img=/i/headshots/nba/players/full/3136491.png&w=350&h=254
315,Matt Barnes,SF,SAC,2133542,2133542,2133541,,,,,,,6400625,http://a.espncdn.com/combiner/i?img=/i/headshots/nba/players/full/1765.png&w=350&h=254
316,Derrick Rose,PG,UTA,2116955,,,,,,,,,,http://a.espncdn.com/combiner/i?img=/i/headshots/nba/players/full/3456.png&w=350&h=254
317,Marreese Speights,PF,ORL,2116955,,,,,,Minimum Salary,,,2116955,http://a.espncdn.com/combiner/i?img=/i/headshots/nba/players/full/3460.png&w=350&h=254
318,Michael Beasley,SF,NYK,2116955,,,,,,Minimum Salary,,,2116955,http://a.espncdn.com/combiner/i?img=/i/headshots/nba/players/full/3418.png&w=350&h=254
319,Aaron Brooks,PG,MIN,2116955,,,,,,,,,2116955,http://a.espncdn.com/combiner/i?img=/i/headshots/nba/players/full/3192.png&w=350&h=254
320,Luc Mbah a Moute,PF,HOU,2116955,,,,,,Minimum Salary,,,2116955,http://a.espncdn.com/combiner/i?img=/i/headshots/nba/players/full/3451.png
321,JaVale McGee,C,GSW,2116955,,,,,,,,,2116955,http://a.espncdn.com/combiner/i?img=/i/headshots/nba/players/full/3452.png
322,Jeff Green,SF,CLE,2116955,,,,,,Minimum Salary,,,2116955,http://a.espncdn.com/combiner/i?img=/i/headshots/nba/players/full/3209.png
323,Tony Allen,SG,CHI,2116955,,,,,,,,,2116955,http://a.espncdn.com/combiner/i?img=/i/headshots/nba/players/full/2367.png&w=350&h=254
324,Damien Wilkins,SF,IND,2116955,,,,,,,,,25000,http://a.espncdn.com/combiner/i?img=/i/headshots/nba/players/full/2506.png&w=350&h=254
325,Omri Casspi,SF,GSW,2106470,,,,,,Minimum Salary,,,2106470,http://a.espncdn.com/combiner/i?img=/i/headshots/nba/players/full/3554.png&w=350&h=254
326,Mario Chalmers,PG,MEM,2106407,,,,,,Minimum Salary,,,2106407,http://a.espncdn.com/combiner/i?img=/i/headshots/nba/players/full/3419.png&w=350&h=254
327,Darius Miller,SF,NOP,2100000,2205000,,,,,MLE,,,2100000,http://a.espncdn.com/combiner/i?img=/i/headshots/nba/players/full/6610.png&w=350&h=254
328,Kelly Oubre,SF,WAS,2093040,3208630,,,,,1st round pick,RFA,2019,5301670,http://a.espncdn.com/combiner/i?img=/i/headshots/nba/players/full/3133603.png&w=350&h=254
329,Juan Hernangomez,PF,DEN,2076840,2166360,3321030,,,,1st Round pick,Team,2019,4243200,http://a.espncdn.com/combiner/i?img=/i/headshots/nba/players/full/4017839.png&w=350&h=254
330,T.J. Leaf,PF,IND,2028360,2407560,2813280,4326825,,,1st Round Pick,Team,2019,4435920,http://a.espncdn.com/combiner/i?img=/i/headshots/nba/players/full/4066425.png&w=350&h=254
331,Tim Frazier,PG,WAS,2000000,,,,,,Room exception,,,2000000,http://a.espncdn.com/combiner/i?img=/i/headshots/nba/players/full/2488945.png&w=350&h=254
332,Anthony Tolliver,PF,SAC,3290000,,,,,,,,,3290000,http://a.espncdn.com/combiner/i?img=/i/headshots/nba/players/full/3276.png&w=350&h=254
333,Terry Rozier,PG,BOS,1988520,3050390,,,,,1st round pick,RFA,2019,5038910,http://a.espncdn.com/combiner/i?img=/i/headshots/nba/players/full/2488945.png&w=350&h=254
334,Luke Babbitt,SF,MIA,1974159,,,,,,Minimum Salary,,,987080,http://a.espncdn.com/combiner/i?img=/i/headshots/nba/players/full/4250.png&w=350&h=254
335,John Collins,PF,ATL,1936920,2299080,2686560,4137302,,,1st Round Pick,Team,2019,4236000,http://a.espncdn.com/combiner/i?img=/i/headshots/nba/players/full/3908845.png&w=350&h=254
336,Anderson Varejao,C,POR,1913345,1913345,1913345,1913345,,,,,,7653380,http://a.espncdn.com/combiner/i?img=/i/headshots/nba/players/full/2419.png&w=350&h=254
337,Rashad Vaughn,PG,NOP,1889040,,,,,,,,,1889040,http://a.espncdn.com/combiner/i?img=/i/headshots/nba/players/full/3137733.png&w=350&h=254
338,Tim Duncan,PF,SAS,1881250,1881250,,,,,,,,3762500,http://a.espncdn.com/combiner/i?img=/i/headshots/nba/players/full/215.png&w=350&h=254
339,Wade Baldwin,PG,MEM,1874400,,,,,,Two-Way Contract,,,1874400,http://a.espncdn.com/combiner/i?img=/i/headshots/nba/players/full/3136696.png
340,Larry Sanders,C,MIL,1865547,1865547,1865547,1865547,1865547,,,,,9327735,http://a.espncdn.com/combiner/i?img=/i/headshots/nba/players/full/4265.png&w=350&h=254
341,Harry Giles,PF,SAC,1859400,2207040,2578800,3976510,,,1st Round Pick,Team,2019,4066440,http://a.espncdn.com/combiner/i?img=/i/headshots/nba/players/full/4065649.png&w=350&h=254
342,Sam Dekker,SF,LAC,1794600,2760095,,,,,1st Round pick,RFA,2019,4554695,http://a.espncdn.com/combiner/i?img=/i/headshots/nba/players/full/2991184.png&w=350&h=254
343,Terrance Ferguson,SG,OKC,1785000,2118840,2475840,3944013,,,1st Round Pick,Team,2019,3903840,http://a.espncdn.com/combiner/i?img=/i/headshots/nba/players/full/4230546.png
344,Henry Ellenson,C,DET,1780800,1857480,2856804,,,,1st Round pick,Team,2019,3638280,http://a.espncdn.com/combiner/i?img=/i/headshots/nba/players/full/3906522.png&w=350&h=254
345,Eric Moreland,PF,DET,1739333,1826300,1913267,,,,MLE,,,1739333,http://a.espncdn.com/combiner/i?img=/i/headshots/nba/players/full/2531352.png&w=350&h=254
346,Jerian Grant,PG,CHI,1713840,2639314,,,,,1st Round pick,RFA,2019,4353154,http://a.espncdn.com/combiner/i?img=/i/headshots/nba/players/full/2531047.png&w=350&h=254
347,Jarrett Allen,C,BKN,1713720,2034120,2376840,3909902,,,1st Round Pick,Team,2019,3747840,http://a.espncdn.com/combiner/i?img=/i/headshots/nba/players/full/4066328.png&w=350&h=254
348,Mike Scott,PF,WAS,1709538,,,,,,Minimum Salary,,,1709538,http://a.espncdn.com/combiner/i?img=/i/headshots/nba/players/full/6622.png&w=350&h=254
349,Tyler Zeller,C,MIL,1709538,1933941,,,,,,,,1709538,http://a.espncdn.com/combiner/i?img=/i/headshots/nba/players/full/6631.png&w=350&h=254
350,Quincy Acy,PF,BKN,1709538,,,,,,,,,1709538,http://a.espncdn.com/combiner/i?img=/i/headshots/nba/players/full/6576.png&w=350&h=254
351,Malik Beasley,SG,DEN,1700640,1773840,2731714,,,,1st Round pick,,2020,3474480,http://a.espncdn.com/combiner/i?img=/i/headshots/nba/players/full/3907822.png&w=350&h=254
352,Mike Dunleavy,SF,ATL,1662500,,,,,,,,,1662500,http://a.espncdn.com/combiner/i?img=/i/headshots/nba/players/full/1708.png&w=350&h=254
353,Delon Wright,PG,TOR,1645200,2536898,,,,,1st Round pick,RFA,2019,4182098,http://a.espncdn.com/combiner/i?img=/i/headshots/nba/players/full/3064447.png&w=350&h=254
354,OG Anunoby,SF,TOR,1645200,1952760,2281800,3872215,,,1st Round Pick,Team,2019,3597960,http://a.espncdn.com/combiner/i?img=/i/headshots/nba/players/full/3934719.png&w=350&h=254
355,Ante Zizic,C,CLE,1645200,1952760,2281800,3872215,,,1st Round Pick,Team,2019,3597960,http://a.espncdn.com/combiner/i?img=/i/headshots/nba/players/full/4017838.png&w=350&h=254
356,Caris LeVert,SG,BKN,1632480,1702800,2625718,,,,1st Round pick,Team,2019,3335280,http://a.espncdn.com/combiner/i?img=/i/headshots/nba/players/full/2991043.png&w=350&h=254
357,Justin Anderson,SG,PHI,1579440,2516048,,,,,1st Round pick,Team,2019,4095488,http://a.espncdn.com/combiner/i?img=/i/headshots/nba/players/full/2982340.png&w=350&h=254
358,Tyler Lydon,PF,DEN,1579440,1874640,2190720,,,,1st Round Pick,Team,2019,3454080,http://a.espncdn.com/combiner/i?img=/i/headshots/nba/players/full/3934662.png&w=350&h=254
359,Jeff Withey,C,DAL,1577320,1795015,,,,,,,,350000,http://a.espncdn.com/combiner/i?img=/i/headshots/nba/players/full/2333797.png&w=350&h=254
360,Ian Clark,SG,NOP,1577230,,,,,,Minimum Salary,,,1577230,http://a.espncdn.com/combiner/i?img=/i/headshots/nba/players/full/2489785.png&w=350&h=254
361,Shabazz Muhammad,SF,MIN,1577230,1795015,,,,,Minimum Salary,,,1577230,http://a.espncdn.com/combiner/i?img=/i/headshots/nba/players/full/2993875.png&w=350&h=254
362,Willie Reed,C,CHI,1577230,,,,,,,,,1577230,http://a.espncdn.com/combiner/i?img=/i/headshots/nba/players/full/2326015.png&w=350&h=254
363,DeAndre Liggins,PG,NOP,1577230,,,,,,,,,,http://a.espncdn.com/combiner/i?img=/i/headshots/nba/players/full/6453.png&w=350&h=254
364,DeAndre' Bembry,SG,ATL,1567200,1634640,2603982,,,,1st Round pick,Team,2019,3201840,http://a.espncdn.com/combiner/i?img=/i/headshots/nba/players/full/3062667.png&w=350&h=254
365,Joffrey Lauvergne,C,SAS,1524305,1656092,,,,,,Player,2018,1524305,http://a.espncdn.com/combiner/i?img=/i/headshots/nba/players/full/2959753.png&w=350&h=254
366,Jerami Grant,SF,OKC,1524305,,,,,,Draft Pick,,,1524305,http://a.espncdn.com/combiner/i?img=/i/headshots/nba/players/full/2991070.png&w=350&h=254
367,Johnny O'Bryant,C,NYK,1524305,,,,,,,,,1524305,http://a.espncdn.com/combiner/i?img=/i/headshots/nba/players/full/2581084.png&w=350&h=254
368,Tyler Ennis,PG,LAL,1524305,1656092,,,,,Minimum Salary,,,1524305,http://a.espncdn.com/combiner/i?img=/i/headshots/nba/players/full/3059281.png&w=350&h=254
369,Julyan Stone,PG,CHA,1524305,1656092,,,,,Minimum Salary,,,1524305,http://a.espncdn.com/combiner/i?img=/i/headshots/nba/players/full/6543.png&w=350&h=254
370,Sean Kilpatrick,SG,BKN,1524305,,,,,,,,,1524305,http://a.espncdn.com/combiner/i?img=/i/headshots/nba/players/full/2488689.png&w=350&h=254
371,Spencer Dinwiddie,PG,BKN,1524305,1656092,,,,,Minimum Salary,,,1524305,http://a.espncdn.com/combiner/i?img=/i/headshots/nba/players/full/2580782.png&w=350&h=254
372,Joe Harris,SG,BKN,1524305,,,,,,Minimum Salary,,,1524305,http://a.espncdn.com/combiner/i?img=/i/headshots/nba/players/full/2528794.png&w=350&h=254
373,Shane Larkin,PG,BOS,1524305,,,,,,Minimum Salary,,,1524305,http://a.espncdn.com/combiner/i?img=/i/headshots/nba/players/full/2596158.png&w=350&h=254
374,Glenn Robinson,SF,IND,1524305,,,,,,,,,,http://a.espncdn.com/combiner/i?img=/i/headshots/nba/players/full/2991039.png&w=350&h=254
375,Bobby Brown,PG,HOU,1524305,,,,,,,,,,http://a.espncdn.com/combiner/i?img=/i/headshots/nba/players/full/3472.png&w=350&h=254
376,Bobby Portis,PF,CHI,1516320,2494346,,,,,1st Round pick,RFA,2019,4010666,http://a.espncdn.com/combiner/i?img=/i/headshots/nba/players/full/3064482.png&w=350&h=254
377,Malachi Richardson,SG,TOR,1504560,1569360,2581597,,,,1st Round pick,Team,2019,3073920,http://a.espncdn.com/combiner/i?img=/i/headshots/nba/players/full/3934663.png&w=350&h=254
378,Arron Afflalo,SG,SAC,1500000,,,,,,,,,1500000,http://a.espncdn.com/combiner/i?img=/i/headshots/nba/players/full/3187.png&w=350&h=254
379,Norman Powell,SG,TOR,1471382,9367200,10116576,10865952,11615328,,Cap Space,,,31821110,http://a.espncdn.com/combiner/i?img=/i/headshots/nba/players/full/2595516.png&w=350&h=254
380,Josh Richardson,SG,MIA,1471382,9300000,10100000,10800000,11600000,,Minimum Salary,,,31671382,http://a.espncdn.com/combiner/i?img=/i/headshots/nba/players/full/2581190.png&w=350&h=254
381,Rondae Hollis-Jefferson,SF,BKN,1471382,2470357,,,,,1st Round pick,RFA,2019,3941739,http://a.espncdn.com/combiner/i?img=/i/headshots/nba/players/full/3064291.png&w=350&h=254
382,Tyus Jones,PG,MIN,1471382,2444053,,,,,1st Round pick,RFA,2019,3915435,http://a.espncdn.com/combiner/i?img=/i/headshots/nba/players/full/3135046.png&w=350&h=254
383,Jarell Martin,PF,MEM,1471382,2416222,,,,,1st Round pick,RFA,2019,3887604,http://a.espncdn.com/combiner/i?img=/i/headshots/nba/players/full/3064517.png&w=350&h=254
384,Larry Nance,PF,CLE,1471382,2272391,,,,,1st Round pick,RFA,2019,3743773,http://a.espncdn.com/combiner/i?img=/i/headshots/nba/players/full/2580365.png&w=350&h=254
385,Troy Williams,SF,NYK,74159,,,,,,,,,74159,http://a.espncdn.com/combiner/i?img=/i/headshots/nba/players/full/3078286.png&w=350&h=254
386,Chris McCullough,PF,WAS,1471382,,,,,,1st Round pick,,,1471382,http://a.espncdn.com/combiner/i?img=/i/headshots/nba/players/full/3153165.png&w=350&h=254
387,Raul Neto,PG,UTA,1471382,,,,,,,Team,2018,1471382,http://a.espncdn.com/combiner/i?img=/i/headshots/nba/players/full/2968361.png
388,Pat Connaughton,SG,POR,1471382,,,,,,Minimum Salary,RFA,2018,1471382,http://a.espncdn.com/combiner/i?img=/i/headshots/nba/players/full/2578239.png&w=350&h=254
389,Richaun Holmes,PF,PHI,1471382,1600520,,,,,Cap Space,Team,2018,1471382,http://a.espncdn.com/combiner/i?img=/i/headshots/nba/players/full/2993370.png&w=350&h=254
390,T.J. McConnell,PG,PHI,1471382,1600520,,,,,Minimum Salary,Team,2018,1471382,http://a.espncdn.com/combiner/i?img=/i/headshots/nba/players/full/2530530.png&w=350&h=254
391,Josh Huestis,SF,OKC,1471382,,,,,,,,,1471382,http://a.espncdn.com/combiner/i?img=/i/headshots/nba/players/full/2531364.png&w=350&h=254
392,Jordan Mickey,PF,MIA,1471382,1600520,,,,,Minimum Salary,Team,2018,1471382,http://a.espncdn.com/combiner/i?img=/i/headshots/nba/players/full/3064520.png&w=350&h=254
393,Montrezl Harrell,PF,LAC,1471382,,,,,,,RFA,2018,1471382,http://a.espncdn.com/combiner/i?img=/i/headshots/nba/players/full/2991055.png&w=350&h=254
394,Joe Young,PG,IND,1471382,1600520,,,,,Cap Space,Team,2018,1471382,http://a.espncdn.com/combiner/i?img=/i/headshots/nba/players/full/2528386.png&w=350&h=254
395,Kevon Looney,PF,GSW,1471382,,,,,,1st Round pick,,,1471382,http://a.espncdn.com/combiner/i?img=/i/headshots/nba/players/full/3155535.png&w=350&h=254
396,Nikola Jokic,C,DEN,1471382,1600520,,,,,,Team,2018,1471382,http://a.espncdn.com/combiner/i?img=/i/headshots/nba/players/full/3112335.png&w=350&h=254
397,Salah Mejri,C,DAL,1471382,,,,,,Minimum Salary,RFA,2018,1471382,http://a.espncdn.com/combiner/i?img=/i/headshots/nba/players/full/2968458.png&w=350&h=254
398,Caleb Swanigan,PF,POR,1465920,1740000,2033160,3665787,,,1st Round Pick,Team,2019,3205920,http://a.espncdn.com/combiner/i?img=/i/headshots/nba/players/full/3906671.png&w=350&h=254
399,Furkan Korkmaz,SG,PHI,1465920,1740000,2033160,3665787,,,1st Round Pick,Team,2019,3205920,http://a.espncdn.com/combiner/i?img=/i/headshots/nba/players/full/3929325.png&w=350&h=254
400,Willy Hernangomez,C,CHA,1435750,1544951,1701735,,,,Cap Space,,,2980701,http://a.espncdn.com/combiner/i?img=/i/headshots/nba/players/full/2999409.png&w=350&h=254



401,Kyle Kuzma\kuzmaky01,LAL,$1423560,$1689840,$1974600,$3562178,,,1st Round Pick,$3113400,http://a.espncdn.com/combiner/i?img=/i/headshots/nba/players/full/3134907.png
402,Tony Bradley\bradlto01,UTA,$1414920,$1679520,$1962360,$3542060,,,1st Round Pick,$3094440
403,Derrick White\whitede01,SAS,$1404600,$1667160,$1948080,$3516284,,,1st Round Pick,$3071760
404,Josh Hart\hartjo01,LAL,$1394520,$1655160,$1934160,$3491159,,,1st Round Pick,$3049680
405,Timothe Luwawu-Cabarrot\luwawti01,PHI,$1386600,$1544951,$2529684,,,,1st Round pick,$2931551
406,Kevin Martin\martike02,MIN,$1360305,$1360305,,,,,,$2720610
407,Brice Johnson\johnsbr02,MEM,$1331160,,,,,,1st Round pick,$1331160
408,Pascal Siakam\siakapa01,TOR,$1312611,$1544951,$2351839,,,,1st Round pick,$2857562
409,Dejounte Murray\murrade01,SAS,$1312611,$1544951,$2321735,,,,1st Round pick,$2857562
410,Skal Labissiere\labissk01,SAC,$1312611,$1544951,$2338847,,,,1st Round pick,$2857562,http://a.espncdn.com/combiner/i?img=/i/headshots/nba/players/full/3936296.png&w=350&h=254
411,A.J. Hammons\hammoaj01,MIA,$1312611,$1544951,,,,,,$2857562
412,Deyonta Davis\davisde01,MEM,$1312611,$1544951,,,,,Cap Space,$2857562
413,Chinanu Onuaku\onuakch01,HOU,$1312611,$1544951,,,,,Minimum Salary,$2857562
414,Damian Jones\jonesda03,GSW,$1312611,$1544951,$2305057,,,,1st Round pick,$2857562
415,Wayne Selden\seldewa01,MEM,$1312611,$1544951,,,,,,$2085087
416,Cheick Diallo\diallch01,NOP,$1312611,$1544951,,,,,Minimum Salary,$1812611
417,Joel Bolomboy\bolomjo01,UTA,$1312611,,,,,,,$1312611
418,Bryn Forbes\forbebr01,SAS,$1312611,,,,,,Minimum Salary,$1312611
419,Davis Bertans\bertada01,SAS,$1312611,,,,,,Minimum Salary,$1312611
420,Jake Layman\laymaja01,POR,$1312611,$1544951,,,,,Cap Space,$1312611
421,Tyler Ulis\ulisty01,PHX,$1312611,$1544951,$1676735,,,,Cap Space,$1312611
422,Marcus Georges-Hunt\georgma01,MIN,$1312611,,,,,,Minimum Salary,$1312611
423,Malcolm Brogdon\brogdma01,MIL,$1312611,$1544951,,,,,Cap Space,$1312611
424,Rodney McGruder\mcgruro01,MIA,$1312611,$1544951,,,,,Minimum Salary,$1312611
425,Andrew Harrison\harrian01,MEM,$1312611,$1544951,,,,,Cap Space,$1312611
426,Ivica Zubac\zubaciv01,LAL,$1312611,$1544951,,,,,Cap Space,$1312611
427,Patrick McCaw\mccawpa01,GSW,$1312611,,,,,,Minimum Salary,$1312611
428,Dorian Finney-Smith\finnedo01,DAL,$1312611,$1544951,,,,,Minimum Salary,$1312611
429,Yogi Ferrell\ferreyo01,DAL,$1312611,,,,,,Minimum Salary,$1312611
430,Treveon Graham\grahatr01,CHA,$1312611,,,,,,Minimum Salary,$1312611
431,David Nwaba\nwabada01,CHI,$1312611,,,,,,Minimum Salary,$1312611
432,Paul Zipser\zipsepa01,CHI,$1312611,$1544951,$1676735,,,,Cap Space,$1312611,http://a.espncdn.com/combiner/i?img=/i/headshots/nba/players/full/3893023.png&w=350&h=254
433,Isaiah Whitehead\whiteis01,BKN,$1312611,$1544951,$1676735,,,,Cap Space,$1312611
434,Okaro White\whiteok01,ATL,$1312611,,,,,,,$1312611
435,Nicolas Brussino\brussni01,ATL,$1312611,,,,,,,$1312611
436,Diamond Stone\stonedi01,ATL,$1312611,,,,,,,$1312611
437,Sheldon Mac\mcclesh01,ATL,$1312611,,,,,,,$1312611
438,Isaiah Taylor\taylois01,ATL,$1312611,$1544951,,,,,Minimum Salary,$1312611
439,Kay Felder\feldeka01,CHI,$1312611,$1544951,,,,,,$456529
440,Fred VanVleet\vanvlfr01,TOR,$1312611,,,,,,,
441,Derrick Jones\jonesde02,PHX,$1312611,,,,,,,
442,Chasson Randle\randlch01,NYK,$1312611,,,,,,,
443,Stephen Zimmerman\zimmest01,LAL,$1312611,,,,,,,
444,Semi Ojeleye\ojelese01,BOS,$1291892,$1378242,$1618520,$1752950,,,,$2193857,http://a.espncdn.com/combiner/i?img=/i/headshots/nba/players/full/3056602.png&w=350&h=254
445,Frank Mason\masonfr01,SAC,$1184385,$1378242,$1618520,,,,,$2562627
446,Abdel Nader\naderab01,BOS,$1167333,$1378242,$1618520,$1752950,,,,$1617333
447,Damyean Dotson\dotsoda01,NYK,$1100000,$1378242,$1618520,,,,Minimum Salary,$2478242
448,Paul Pierce\piercpa01,LAC,$1096080,,,,,,,$1096080
449,Isaiah Canaan\canaais01,PHX,$1069308,,,,,,,$1069308
450,Wesley Iwundu\iwundwe01,ORL,$1050000,$1378242,$1618520,,,,,$2428242
451,Livio Jean-Charles\jeancli01,SAS,$1035200,,,,,,,$1035200
452,Justin Hamilton\hamilju01,TOR,$1000000,$1000000,$1000000,,,,,$3000000
453,Gerald Henderson\hendege02,PHI,$1000000,,,,,,,$1000000
454,Rade Zagorac\zagorra01,MEM,$950000,$1378242,,,,,,$2328242
455,Ivan Rabb\rabbiv01,MEM,$950000,$1378242,$1618520,,,,MLE,$2328242
456,Ike Anigbogu\anigbik01,IND,$950000,$1378242,$1618520,,,,Cap space,$1640000
457,Gerald Green\greenge01,HOU,$947248,,,,,,Minimum Salary,$947248
458,Jason Thompson\thompja02,GSW,$945126,$945126,,,,,,$1890252
459,Martell Webster\webstma02,WAS,$830000,$830000,,,,,,$1660000
460,Frank Jackson\jacksfr01,NOP,$815615,$1378242,$1618520,,,,MLE,$2699857
461,Jordan Bell\belljo01,GSW,$815615,$1378252,,,,,Minimum Salary,$2193867,http://a.espncdn.com/combiner/i?img=/i/headshots/nba/players/full/3064427.png&w=350&h=254
462,Dakari Johnson\johnsda04,OKC,$815615,$1378242,,,,,,$2193857
463,Sterling Brown\brownst02,MIL,$815615,$1378242,$1618520,,,,MLE,$2193857
464,Dillon Brooks\brookdi01,MEM,$815615,$1378242,$1618520,,,,MLE,$2193857
465,Jawun Evans\evansja01,LAC,$815615,$1378242,$1618520,,,,MLE,$2193857
466,Sindarius Thornwell\thornsi01,LAC,$815615,$1378242,$1618520,,,,MLE,$2193857
467,Dwayne Bacon\bacondw01,CHA,$815615,$1378242,$1618520,,,,MLE,$2193857
468,Tyler Dorsey\dorsety01,ATL,$815615,$1378242,,,,,Minimum Salary,$2193857
469,Davon Reed\reedda01,PHX,$815615,$1378242,$1618520,,,,Minimum Salary,$1504736
470,Royce O'Neale\onealro01,UTA,$815615,$1378242,$1618520,,,,Cap space,$815615
471,Alfonzo McKinnie\mckinal01,TOR,$815615,$1378242,,,,,Minimum Salary,$815615
472,Brandon Paul\paulbr01,SAS,$815615,$1378242,,,,,Minimum Salary,$815615
473,Khem Birch\birchkh01,ORL,$815615,$1378242,,,,,Minimum Salary,$815615
474,Thomas Bryant\bryanth01,LAL,$815615,$1378242,,,,,Minimum Salary,$815615
475,Zhou Qi\qizh01,HOU,$815615,$1378242,$1618520,$1752950,,,MLE,$815615
476,Maxi Kleber\klebima01,DAL,$815615,$1378242,,,,,Minimum Salary,$815615
477,Daniel Theis\theisda01,BOS,$815615,$1378242,,,,,Minimum Salary,$815615
478,Sean Kilpatrick\kilpase01,MIL,$789725,,,,,,,$789725
479,Trey Burke\burketr01,NYK,$784160,$1795015,,,,,Minimum Salary,$784160,http://a.espncdn.com/combiner/i?img=/i/headshots/nba/players/full/2579260.png
480,Alex Poythress\poythal01,IND,$778668,$1544951,,,,,Two-Way Converted,$778668
481,Joe Johnson\johnsjo02,HOU,$749905,,,,,,,
482,Dwight Buycks\buyckdw01,DET,$748160,$1600520,,,,,Two-Way Converted,$748160
483,Tyler Cavanaugh\cavanty01,ATL,$679919,$1378242,,,,,Two-Way Converted,$729919
484,Carlos Delfino\delfica01,LAC,$650000,$650000,,,,,,$1300000
485,Caron Butler\butleca01,SAC,$517220,$517220,,,,,,$1034440
486,Jordan Farmar\farmajo01,LAC,$510921,,,,,,,$510921
487,Leandro Barbosa\barbole01,PHX,$500000,,,,,,,$500000
488,Tibor Pleiss\pleisti01,PHI,$500000,,,,,,,$500000
489,Michael Gbinije\gbinimi01,DET,$500000,,,,,,,$500000
490,Aaron Gray\grayaa01,DET,$452059,,,,,,,$452059
491,Festus Ezeli\ezelife01,POR,$333334,$333333,$333333,,,,,$1000000
492,C.J. Watson\watsocj01,ORL,$333334,$333333,$333333,,,,,$1000000
493,Gal Mekel\mekelga01,DAL,$315760,,,,,,,$315760
494,Miroslav Raduljica\radulmi01,LAC,$300000,$300000,,,,,,$600000
495,Cameron Oliver\oliveca01,HOU,$300000,,,,,,,$300000
496,Ramon Sessions\sessira01,WAS,$263124,,,,,,,
497,Jordan Crawford\crawfjo02,NOP,$250000,,,,,,,$250000
498,Emeka Okafor\okafoem01,NOP,$239204,,,,,,10-Day Contract,$239204
499,Isaiah Canaan\canaais01,CHI,$200000,,,,,,,$200000
500,Rakeem Christmas\chrisra01,IND,$172552,,,,,,,$172552
501,DeAndre Liggins\liggide01,NOP,$172238,,,,,,,$172238,http://a.espncdn.com/combiner/i?img=/i/headshots/nba/players/full/6453.png&w=350&h=254
502,Rashad Vaughn\vaughra01,ORL,$166258,,,,,,,
503,Troy Williams\willitr02,NYK,$148318,,,,,,,
504,Carrick Felix\felixca01,WAS,$140902,,,,,,,$140902
505,Brandon Rush\rushbr01,POR,$119602,,,,,,,
506,K.J. McDaniels\mcdankj01,TOR,$100000,,,,,,,$100000
507,Marshall Plumlee\plumlma02,NYK,$100000,,,,,,,$100000
508,Georges Niang\niangge01,IND,$100000,,,,,,,$100000
509,Quinn Cook\cookqu01,ATL,$100000,,,,,,,$100000
510,Demetrius Jackson\jacksde01,BOS,$92858,$92857,$92857,$92857,$92857,,,$650000
511,Kyle Collinsworth\colliky01,DAL,$92160,,,,,,,$142160
512,Josh Gray\grayjo01,PHX,$92160,,,,,,,$92160
513,Naz Mitrou-Long\mitrona01,UTA,$92160,,,,,,,$50000
514,Shaquille Harrison\harrish01,PHX,$92160,,,,,,,
515,Walt Lemon Jr.\lemonwa01,NOP,$92160,,,,,,,
516,Antonius Cleveland\clevean01,ATL,$92160,,,,,,,
517,Mike James\jamesmi02,PHX,$87552,,,,,,,$87552
518,Sean Kilpatrick\kilpase01,LAC,$86119,,,,,,,
519,Jarell Eddie\eddieja01,BOS,$83129,,,,,,,$83129
520,Jarell Eddie\eddieja01,CHI,$83129,,,,,,10-Day Contract,$17224
521,Demetrius Jackson\jacksde01,HOU,$74159,,,,,,,$124159
522,Georgios Papagiannis\papagge01,POR,$74159,,,,,,,
523,Travis Wear\weartr01,LAL,$74159,,,,,,,
524,Scotty Hopson\hopsosc01,DAL,$74159,,,,,,,
525,Isaiah Canaan\canaais01,HOU,$53465,,,,,,,$53465
526,Tyler Cavanaugh\cavanty01,ATL,$50000,,,,,,,$729919
527,Kyle Collinsworth\colliky01,DAL,$50000,,,,,,,$142160
528,Demetrius Jackson\jacksde01,HOU,$50000,,,,,,,$124159
529,Michael Young\youngmi02,WAS,$50000,,,,,,,$50000
530,Daniel Ochefu\ochefda01,WAS,$50000,,,,,,,$50000
531,Nate Wolters\woltena01,UTA,$50000,,,,,,,$50000
532,Naz Mitrou-Long\mitrona01,UTA,$50000,,,,,,,$50000
533,Eric Griffin\griffer01,UTA,$50000,,,,,,,$50000
534,Jacob Pullen\pulleja01,PHI,$50000,,,,,,,$50000
535,James Michael McAdoo\mcadoja01,PHI,$50000,,,,,,,$50000
536,Nigel Hayes\hayesni01,NYK,$50000,,,,,,,$50000
537,Jalen Moore\mooreja02,MIL,$50000,,,,,,,$50000
538,Gary Payton\paytoga02,MIL,$50000,,,,,,,$50000
539,Matt Williams\willima05,MIA,$50000,,,,,,,$50000
540,Vince Hunter\huntevi01,MEM,$50000,,,,,,,$50000
541,Vander Blue\blueva01,LAL,$50000,,,,,,,$50000
542,V.J. Beachem\beachvj01,LAL,$50000,,,,,,,$50000
543,Briante Weber\weberbr01,LAL,$50000,,,,,,,$50000
544,Jamil Wilson\wilsoja02,LAC,$50000,,,,,,,$50000
545,Briante Weber\weberbr01,HOU,$50000,,,,,,,$50000
546,Luis Montero\montelu01,DET,$50000,,,,,,,$50000
547,Gian Clavell\clavegi01,DAL,$50000,,,,,,,$50000
548,Antonius Cleveland\clevean01,DAL,$50000,,,,,,,$50000
549,Diamond Stone\stonedi01,CHI,$50000,,,,,,,$50000
550,Yakuba Ouattara\ouattya01,BKN,$50000,,,,,,,$50000
551,Jeremy Evans\evansje01,ATL,$50000,,,,,,,$50000
552,Nigel Hayes\hayesni01,LAL,$46080,,,,,,,$46080
553,Nigel Hayes\hayesni01,TOR,$46080,,,,,,,
554,Rodney Purvis\purviro01,ORL,$46080,,,,,,,
555,Xavier Rathan-Mayes\rathaxa01,MEM,$46080,,,,,,,
556,Trey McKinney-Jones\mckintr01,IND,$46080,,,,,,,
557,Marcus Thornton\thornma02,CLE,$46080,,,,,,,
558,Jaylen Morris\morrija01,ATL,$46080,,,,,,,
559,DeAndre Liggins\liggide01,ATL,$26773,,,,,,,$26773
560,Quinn Cook\cookqu01,NOP,$25000,,,,,,,$25000
561,Axel Toupane\toupaax01,NOP,$25000,,,,,,,$25000
562,Chris Johnson\johnsch04,HOU,$25000,,,,,,,$25000
563,Beno Udrih\udrihbe01,DET,$25000,,,,,,,$25000
564,Joel Bolomboy\bolomjo01,MIL,$22248,,,,,,,$22248
565,Jarell Eddie\eddieja01,CHI,$17224,,,,,,,$17224